edge_id,row,col,theta_deg,edge_len_m,cum_dist_m,elev_m,unit_cost,alpha_parallel_deg,alpha_cross_deg,rho_up,rho_down,rho_roll,rho_slide,rho_max,dominant_limit_code,dominant_limit_name,mu_slide,mu_brake
0,578,578,0.0,28.80030091600653,28.80030091600653,2922.0,2.451796650141654,-26.723744518553328,7.907081131041212,0.0,1.4517966501416542,0.14626238259728788,0.40049562762528396,1.4517966501416542,1,下坡制动,0.3467888979221866,0.3467888979221866
1,578,580,0.0,28.80030091600653,57.60060183201306,2902.0,1.556316514997437,-3.972454567555506,10.811610559159867,0.0,0.2022969145445226,0.20111077607127084,0.5563165149974371,0.5563165149974371,3,侧滑附着,0.3432762126783732,0.3432762126783732
2,578,580,0.0,28.80030091600653,86.40090274801959,2902.0,1.556316514997437,-3.972454567555506,10.811610559159867,0.0,0.2022969145445226,0.20111077607127084,0.5563165149974371,0.5563165149974371,3,侧滑附着,0.3432762126783732,0.3432762126783732
3,578,582,0.0,28.80030091600653,115.20120366402612,2900.0,2.66556008182465,-5.946801364267784,29.808855987202545,0.0,0.30282910578629996,0.6033323282138126,1.6655600818246499,1.6655600818246499,3,侧滑附着,0.34397478974880974,0.34397478974880974
4,578,582,0.0,28.80030091600653,144.00150458003264,2900.0,2.66556008182465,-5.946801364267784,29.808855987202545,0.0,0.30282910578629996,0.6033323282138126,1.6655600818246499,1.6655600818246499,3,侧滑附着,0.34397478974880974,0.34397478974880974
5,578,584,0.0,28.80030091600653,172.80180549603918,2893.0,2.301406849472238,-5.946801364267784,25.114604821166303,0.0,0.28920152210494177,0.49363554126584663,1.301406849472238,1.301406849472238,3,侧滑附着,0.3601833671141326,0.3601833671141326
6,578,584,0.0,28.80030091600653,201.6021064120457,2893.0,2.301406849472238,-5.946801364267784,25.114604821166303,0.0,0.28920152210494177,0.49363554126584663,1.301406849472238,1.301406849472238,3,侧滑附着,0.3601833671141326,0.3601833671141326
7,578,586,0.0,28.80030091600653,230.40240732805225,2875.0,2.7943324644438086,-20.903879542425827,33.413448289183464,0.0,1.0388240583622053,0.6947463173371174,1.7943324644438088,1.7943324644438088,3,侧滑附着,0.3676661602480346,0.3676661602480346
8,578,586,0.0,28.80030091600653,259.2027082440588,2875.0,2.7943324644438086,-20.903879542425827,33.413448289183464,0.0,1.0388240583622053,0.6947463173371174,1.7943324644438088,1.7943324644438088,3,侧滑附着,0.3676661602480346,0.3676661602480346
9,578,588,0.0,28.80030091600653,288.0030091600653,2853.0,2.5797020642913804,-18.25553529978623,30.552147225129104,0.0,0.8827746829863594,0.6216151260384736,1.5797020642913802,1.5797020642913802,3,侧滑附着,0.3736600857239498,0.3736600857239498
10,578,588,0.0,28.80030091600653,316.8033100760718,2853.0,2.5797020642913804,-18.25553529978623,30.552147225129104,0.0,0.8827746829863594,0.6216151260384736,1.5797020642913802,1.5797020642913802,3,侧滑附着,0.3736600857239498,0.3736600857239498
11,578,590,0.0,28.80030091600653,345.6036109920783,2830.0,2.8456207336646027,-34.100996270707995,34.100996270707995,0.0,1.8456207336646027,0.7130291151617782,1.8456207336646027,1.8456207336646027,1,下坡制动,0.366855575864005,0.366855575864005
12,578,590,0.0,28.80030091600653,374.4039119080848,2830.0,2.8456207336646027,-34.100996270707995,34.100996270707995,0.0,1.8456207336646027,0.7130291151617782,1.8456207336646027,1.8456207336646027,1,下坡制动,0.366855575864005,0.366855575864005
13,578,592,0.0,28.80030091600653,403.2042128240913,2796.0,3.5026764034002422,-21.766894469838075,42.61806725187625,0.0,1.0860671184567088,0.9689882847070324,2.5026764034002422,2.5026764034002422,3,侧滑附着,0.3676581084117416,0.3676581084117416
14,578,592,0.0,28.80030091600653,432.0045137400978,2796.0,3.5026764034002422,-21.766894469838075,42.61806725187625,0.0,1.0860671184567088,0.9689882847070324,2.5026764034002422,2.5026764034002422,3,侧滑附着,0.3676581084117416,0.3676581084117416
15,578,594,0.0,28.80030091600653,460.8048146561043,2774.0,3.1573987188599637,-20.903879542425827,39.21319648845686,0.0,1.0098462088280684,0.8592914977590662,2.1573987188599637,2.1573987188599637,3,侧滑附着,0.3782164545466125,0.3782164545466125
16,578,594,135.0,40.729776155842714,501.53459081194706,2774.0,3.2395803660469036,-17.061290734585917,40.26613881200124,0.0,0.8114421616111973,0.8920244321407504,2.2395803660469036,2.2395803660469036,3,侧滑附着,0.3782164545466125,0.3782164545466125
17,579,594,0.0,28.80030091600653,530.3348917279536,2750.0,2.9334976949645006,-11.768169401761957,35.44318956191034,0.0,0.5659017643798536,0.7495947108111005,1.9334976949645006,1.9334976949645006,3,侧滑附着,0.3681401422265972,0.3681401422265972
18,579,594,0.0,28.80030091600653,559.1351926439602,2750.0,2.9334976949645006,-11.768169401761957,35.44318956191034,0.0,0.5659017643798536,0.7495947108111005,1.9334976949645006,1.9334976949645006,3,侧滑附着,0.3681401422265972,0.3681401422265972
19,580,594,135.0,40.729776155842714,599.8649687998029,2733.0,2.5063551988469435,-18.96932516414342,27.2753288962588,0.0,1.004236799231296,0.5429713934769785,1.5063551988469435,1.5063551988469435,3,侧滑附着,0.34227870447888686,0.34227870447888686
20,580,594,0.0,28.80030091600653,628.6652697158095,2733.0,2.775256626633807,-6.928978666267095,31.284227244209976,0.0,0.35505132532676137,0.6398979238631345,1.7752566266338068,1.7752566266338068,3,侧滑附着,0.34227870447888686,0.34227870447888686
21,580,596,0.0,28.80030091600653,657.465570631816,2722.0,3.1041228304328135,-17.35385420275948,37.3755187086414,0.0,0.8607775215406961,0.8044431042850835,2.1041228304328135,2.1041228304328135,3,侧滑附着,0.3630400727314105,0.3630400727314105
22,580,596,135.0,40.729776155842714,698.1953467876588,2722.0,3.0965011444228505,-17.70187716505362,37.27526834307423,0.0,0.8791778992740985,0.8015291998945876,2.0965011444228505,2.0965011444228505,3,侧滑附着,0.3630400727314105,0.3630400727314105
23,581,596,0.0,28.80030091600653,726.9956477036653,2695.0,3.77834268549222,-18.25553529978623,44.69972552899883,0.0,0.9261142284974069,1.042119476005676,2.77834268549222,2.77834268549222,3,侧滑附着,0.35617384284383635,0.35617384284383635
24,581,596,0.0,28.80030091600653,755.7959486196719,2695.0,3.77834268549222,-18.25553529978623,44.69972552899883,0.0,0.9261142284974069,1.042119476005676,2.77834268549222,2.77834268549222,3,侧滑附着,0.35617384284383635,0.35617384284383635
25,581,598,0.0,28.80030091600653,784.5962495356785,2674.0,2.7556556803958587,-21.766894469838075,33.413448289183464,0.0,1.0626337012922302,0.6947463173371174,1.7556556803958585,1.7556556803958585,3,侧滑附着,0.3757657807369011,0.3757657807369011
26,582,598,135.0,40.729776155842714,825.3260256915212,2653.0,3.073245860231808,-10.433592938803367,37.718006606796955,0.0,0.49362996672185916,0.8144570902154679,2.073245860231808,2.073245860231808,3,侧滑附着,0.37303340329321416,0.37303340329321416
27,582,598,45.0,40.729776155842714,866.0558018473639,2653.0,3.073245860231808,-37.718006606796955,10.433592938803363,0.0,2.073245860231808,0.19391835481320663,0.49362996672185905,2.073245860231808,1,下坡制动,0.37303340329321416,0.37303340329321416
28,583,598,0.0,28.80030091600653,894.8561027633705,2635.0,1.9332596549314198,-17.35385420275948,12.71812078369934,0.0,0.9332596549314197,0.2376763717205928,0.6740208618949143,0.9332596549314197,1,下坡制动,0.3348443622329084,0.3348443622329084
29,583,600,0.0,28.80030091600653,923.656403679377,2616.0,1.6177318007077641,-6.928978666267095,11.768169401761957,0.0,0.36034355041286253,0.21939357389593178,0.6177318007077641,0.6177318007077641,3,侧滑附着,0.3372517907197862,0.3372517907197862
30,583,600,0.0,28.80030091600653,952.4567045953836,2616.0,1.6177318007077641,-6.928978666267095,11.768169401761957,0.0,0.36034355041286253,0.21939357389593178,0.6177318007077641,0.6177318007077641,3,侧滑附着,0.3372517907197862,0.3372517907197862
31,583,602,0.0,28.80030091600653,981.2570055113902,2616.0,2.49760606759427,0.9946080835930503,26.723744518553328,0.030070012282514803,0.0,0.5302011369151686,1.4976060675942697,1.4976060675942697,3,侧滑附着,0.3361811701742758,0.3361811701742758
32,583,602,0.0,28.80030091600653,1010.0573064273967,2616.0,2.49760606759427,0.9946080835930503,26.723744518553328,0.030070012282514803,0.0,0.5302011369151686,1.4976060675942697,1.4976060675942697,3,侧滑附着,0.3361811701742758,0.3361811701742758
33,583,604,0.0,28.80030091600653,1038.8576073434033,2620.0,2.7885259452224505,-3.972454567555506,32.005114152409014,0.0,0.19872510502471677,0.6581807216877954,1.7885259452224507,1.7885259452224507,3,侧滑附着,0.3494461288939757,0.3494461288939757
34,583,604,0.0,28.80030091600653,1067.6579082594099,2620.0,2.7885259452224505,-3.972454567555506,32.005114152409014,0.0,0.19872510502471677,0.6581807216877954,1.7885259452224507,1.7885259452224507,3,侧滑附着,0.3494461288939757,0.3494461288939757
35,584,606,45.0,40.729776155842714,1108.3876844152526,2597.0,2.5169641658800286,-22.654927938017725,28.375494547201935,0.0,1.1721995827254765,0.5688271741187395,1.5169641658800286,1.5169641658800286,3,侧滑附着,0.35606995889850873,0.35606995889850873
36,584,606,90.0,28.80030091600653,1137.1879853312591,2597.0,2.9015259223599887,4.961104227408822,34.100996270707995,0.15035006141257395,0.0,0.7130291151617782,1.9015259223599885,1.9015259223599885,3,侧滑附着,0.35606995889850873,0.35606995889850873
37,586,606,90.0,28.80030091600653,1165.9882862472657,2598.0,1.3442099162098167,-6.928978666267095,5.946801364267784,0.0,0.3442099162098166,0.10969678694796589,0.2950370710369856,0.3442099162098166,1,下坡制动,0.3530592872086793,0.3530592872086793
38,586,606,90.0,28.80030091600653,1194.7885871632723,2598.0,1.3442099162098167,-6.928978666267095,5.946801364267784,0.0,0.3442099162098166,0.10969678694796589,0.2950370710369856,0.3442099162098166,1,下坡制动,0.3530592872086793,0.3530592872086793
39,588,606,90.0,28.80030091600653,1223.5888880792788,2593.0,2.7477192835913544,2.9814301247949677,29.808855987202545,0.09021003684754435,0.0,0.6033323282138126,1.7477192835913544,1.7477192835913544,3,侧滑附着,0.32780474773970686,0.32780474773970686
40,588,606,90.0,28.80030091600653,1252.3891889952854,2593.0,2.7477192835913544,2.9814301247949677,29.808855987202545,0.09021003684754435,0.0,0.6033323282138126,1.7477192835913544,1.7477192835913544,3,侧滑附着,0.32780474773970686,0.32780474773970686
41,590,606,90.0,28.80030091600653,1281.189489911292,2597.0,2.839746912385106,-7.907081131041214,32.005114152409014,0.0,0.4088326471966903,0.6581807216877954,1.839746912385106,1.839746912385106,3,侧滑附着,0.3397170902833271,0.3397170902833271
42,590,606,90.0,28.80030091600653,1309.9897908272985,2597.0,2.839746912385106,-7.907081131041214,32.005114152409014,0.0,0.4088326471966903,0.6581807216877954,1.839746912385106,1.839746912385106,3,侧滑附着,0.3397170902833271,0.3397170902833271
43,592,606,135.0,40.729776155842714,1350.7195669831412,2583.0,inf,7.6904927577130255,10.433592938803363,0.2338898055486189,0.0,0.19391835481320663,2.301755808070566,2.301755808070566,3,侧滑附着,0.08,0.08
44,592,605,90.0,28.80030091600653,1379.5198678991478,2601.0,2.383543643828699,-9.848913620227734,25.114604821166303,0.0,0.512423571788407,0.49363554126584663,1.383543643828699,1.383543643828699,3,侧滑附着,0.338800371811188,0.338800371811188
45,594,605,90.0,28.80030091600653,1408.3201688151544,2600.0,2.2006191189754696,-23.461964145997715,20.903879542425827,0.0,1.2006191189754696,0.4022215521425417,1.0565448246984133,1.2006191189754696,1,下坡制动,0.3614995254012199,0.3614995254012199
46,594,604,135.0,40.729776155842714,1449.049944970997,2607.0,2.6171333355983686,2.811201072520617,30.508697025845827,0.08505083838131595,0.0,0.6205387354022612,1.6171333355983686,1.6171333355983686,3,侧滑附着,0.364379040146691,0.364379040146691
47,596,604,135.0,40.729776155842714,1489.7797211268398,2569.0,2.8096225848066023,0.703329443527181,31.027982518193017,0.02126270959532887,0.0,0.6334666257231417,1.8096225848066025,1.8096225848066025,3,侧滑附着,0.3324038551476046,0.3324038551476046
48,596,602,135.0,40.729776155842714,1530.5094972826826,2614.0,3.6606259144969036,20.83467098651783,44.12182896064698,0.6591439974551987,0.0,1.021303335349555,2.6606259144969036,2.6606259144969036,3,侧滑附着,0.364503123611448,0.364503123611448
49,598,602,135.0,40.729776155842714,1571.2392734385253,2590.0,3.281397840564073,14.455904058348349,37.718006606796955,0.44651690150190865,0.0,0.8144570902154679,2.281397840564073,2.281397840564073,3,侧滑附着,0.3389982865533295,0.3389982865533295
50,598,600,135.0,40.729776155842714,1611.969049594368,2639.0,4.573873134405802,2.1091411147200354,53.227938524446884,0.0637881287859868,0.0,1.409140044975968,3.573873134405802,3.573873134405802,3,侧滑附着,0.3744081950462726,0.3744081950462726
51,600,600,135.0,40.729776155842714,1652.6988257502107,2609.0,2.2826208105438823,25.583478113381723,24.42817345663808,0.8292456742178306,0.0,0.4783319418725763,1.2826208105438823,1.2826208105438823,3,侧滑附着,0.3541289419188232,0.3541289419188232
52,600,599,90.0,28.80030091600653,1681.4991266662173,2633.0,3.4024761942259114,-14.596429528741982,42.07472428469841,0.0,0.6930219791036285,0.9507054868823711,2.4024761942259114,2.4024761942259114,3,侧滑附着,0.3757657807369011,0.3757657807369011
53,602,599,90.0,28.80030091600653,1710.2994275822239,2613.0,1.7003575518154357,0.9946080835930512,13.661016318661032,0.030070012282514828,0.0,0.2559591695452538,0.7003575518154357,0.7003575518154357,3,侧滑附着,0.3470413286648016,0.3470413286648016
54,602,599,90.0,28.80030091600653,1739.0997284982304,2613.0,1.7003575518154357,0.9946080835930512,13.661016318661032,0.030070012282514828,0.0,0.2559591695452538,0.7003575518154357,0.7003575518154357,3,侧滑附着,0.3470413286648016,0.3470413286648016
55,604,598,135.0,40.729776155842714,1779.8295046540732,2618.0,2.626202555162494,18.337924307235635,28.91720002360816,0.5740931590738826,0.0,0.5817550644396199,1.6262025551624941,1.6262025551624941,3,侧滑附着,0.3397002405772271,0.3397002405772271
56,604,598,90.0,28.80030091600653,1808.6298055700797,2618.0,2.8398381669412647,-8.880567841118102,32.005114152409014,0.0,0.45995954173531617,0.6581807216877954,1.8398381669412645,1.8398381669412645,3,侧滑附着,0.3397002405772271,0.3397002405772271
57,606,598,90.0,28.80030091600653,1837.4301064860863,2599.0,2.354171767141069,-15.523956617725572,23.461964145997715,0.0,0.866669930970284,0.45706994561652464,1.3541717671410687,1.3541717671410687,3,侧滑附着,0.3205082634827201,0.3205082634827201
58,606,598,90.0,28.80030091600653,1866.2304074020929,2599.0,2.354171767141069,-15.523956617725572,23.461964145997715,0.0,0.866669930970284,0.45706994561652464,1.3541717671410687,1.3541717671410687,3,侧滑附着,0.3205082634827201,0.3205082634827201
59,608,598,90.0,28.80030091600653,1895.0307083180994,2593.0,1.5143581766900467,-0.994608083593051,9.848913620227734,0.0,0.05143581766900469,0.18282797824660985,0.5143581766900466,0.5143581766900466,3,侧滑附着,0.3375260752380574,0.3375260752380574
60,608,598,90.0,28.80030091600653,1923.831009234106,2593.0,1.5143581766900467,-0.994608083593051,9.848913620227734,0.0,0.05143581766900469,0.18282797824660985,0.5143581766900466,0.5143581766900466,3,侧滑附着,0.3375260752380574,0.3375260752380574
61,610,598,135.0,40.729776155842714,1964.5607853899487,2583.0,1.6386332537385129,-12.460340243342161,5.608931874667523,0.0,0.6386332537385129,0.10342312256704353,0.28383700166156123,0.6386332537385129,1,下坡制动,0.3460022765878759,0.3460022765878759
62,610,597,90.0,28.80030091600653,1993.3610863059553,2589.0,1.8967599812747067,-12.71812078369934,17.35385420275948,0.0,0.6476599864761771,0.3290903608438977,0.8967599812747066,0.8967599812747066,3,侧滑附着,0.34847310374568025,0.34847310374568025
63,612,598,45.0,40.729776155842714,2034.090862461798,2582.0,1.6552970225584516,8.380105429147624,12.460340243342161,0.2551525151439479,0.0,0.23270202577584798,0.6552970225584515,0.6552970225584515,3,侧滑附着,0.33720366806927504,0.33720366806927504
64,612,598,90.0,28.80030091600653,2062.8911633778043,2582.0,1.7722749472373915,-2.981430124794969,14.596429528741979,0.0,0.1544549894474783,0.2742419673699148,0.7722749472373917,0.7722749472373917,3,侧滑附着,0.33720366806927504,0.33720366806927504
65,614,598,90.0,28.80030091600653,2091.691464293811,2559.0,2.323758927307093,-22.61965241027332,17.35385420275948,0.0,1.3237589273070933,0.3290903608438977,0.9928191954803198,1.3237589273070933,1,下坡制动,0.3147569419651197,0.3147569419651197
66,614,598,90.0,28.80030091600653,2120.4917652098175,2559.0,2.323758927307093,-22.61965241027332,17.35385420275948,0.0,1.3237589273070933,0.3290903608438977,0.9928191954803198,1.3237589273070933,1,下坡制动,0.3147569419651197,0.3147569419651197
67,616,598,90.0,28.80030091600653,2149.292066125824,2552.0,1.2146021655641026,-3.972454567555506,3.972454567555506,0.0,0.21460216556410258,0.07313119129864394,0.21460216556410258,0.21460216556410258,1,下坡制动,0.3235928140171346,0.3235928140171346
68,616,598,90.0,28.80030091600653,2178.0923670418306,2552.0,1.2146021655641026,-3.972454567555506,3.972454567555506,0.0,0.21460216556410258,0.07313119129864394,0.21460216556410258,0.21460216556410258,1,下坡制动,0.3235928140171346,0.3235928140171346
69,618,598,45.0,40.729776155842714,2218.822143197673,2557.0,1.403991482311251,13.129200208573167,2.1091411147200407,0.4039914823112508,0.0,0.03878367096264132,0.10558029323372731,0.4039914823112508,0,上坡牵引,0.34881597839828027,0.34881597839828027
70,618,599,90.0,28.80030091600653,2247.6224441136796,2561.0,1.3691258764941572,4.961104227408824,6.928978666267095,0.15035006141257398,0.0,0.12797958477262691,0.3691258764941573,0.3691258764941573,3,侧滑附着,0.32922782005017387,0.32922782005017387
71,620,599,90.0,28.80030091600653,2276.422745029686,2555.0,1.1441224062283046,1.8272489545330984e-16,2.98143012479497,5.523771643815503e-18,0.0,0.05484839347398295,0.14412240622830455,0.14412240622830455,3,侧滑附着,0.36137884709695317,0.36137884709695317
72,620,600,45.0,40.729776155842714,2317.1525211855287,2566.0,1.8203032362244898,21.44653778990133,16.41627808305877,0.6804067070505277,0.0,0.3102693677011306,0.8203032362244899,0.8203032362244899,3,侧滑附着,0.3591656515358541,0.3591656515358541
73,622,600,90.0,28.80030091600653,2345.9528221015353,2557.0,2.389699264067197,-2.981430124794968,25.924666120793336,0.0,0.14889634972148527,0.5119183390905075,1.3896992640671966,1.3896992640671966,3,侧滑附着,0.3497922487439871,0.3497922487439871
74,622,600,90.0,28.80030091600653,2374.753123017542,2557.0,2.389699264067197,-2.981430124794968,25.924666120793336,0.0,0.14889634972148527,0.5119183390905075,1.3896992640671966,1.3896992640671966,3,侧滑附着,0.3497922487439871,0.3497922487439871
75,624,600,90.0,28.80030091600653,2403.5534239335484,2561.0,2.7130870641453657,-1.9886170951460511,31.284227244209976,0.0,0.09789068937973508,0.6398979238631345,1.7130870641453657,1.7130870641453657,3,侧滑附着,0.3547003249639778,0.3547003249639778
76,624,600,90.0,28.80030091600653,2432.353724849555,2561.0,2.7130870641453657,-1.9886170951460511,31.284227244209976,0.0,0.09789068937973508,0.6398979238631345,1.7130870641453657,1.7130870641453657,3,侧滑附着,0.3547003249639778,0.3547003249639778
77,626,600,90.0,28.80030091600653,2461.1540257655615,2558.0,1.6127142769548555,1.988617095146054,11.768169401761957,0.060140024565029634,0.0,0.21939357389593178,0.6127142769548554,0.6127142769548554,3,侧滑附着,0.34001354924135196,0.34001354924135196
78,626,600,90.0,28.80030091600653,2489.954326681568,2558.0,1.6127142769548555,1.988617095146054,11.768169401761957,0.060140024565029634,0.0,0.21939357389593178,0.6127142769548554,0.6127142769548554,3,侧滑附着,0.34001354924135196,0.34001354924135196
79,628,600,90.0,28.80030091600653,2518.7546275975747,2563.0,1.80778655722562,0.9946080835930513,15.523956617725572,0.030070012282514835,0.0,0.29252476519457576,0.80778655722562,0.80778655722562,3,侧滑附着,0.3438716232180052,0.3438716232180052
80,628,600,90.0,28.80030091600653,2547.554928513581,2563.0,1.80778655722562,0.9946080835930513,15.523956617725572,0.030070012282514835,0.0,0.29252476519457576,0.80778655722562,0.80778655722562,3,侧滑附着,0.3438716232180052,0.3438716232180052
81,630,600,135.0,40.729776155842714,2588.2847046694237,2554.0,1.4823664480572734,-9.06728141831865,9.06728141831865,0.0,0.48236644805727347,0.16806257417144574,0.48236644805727347,0.48236644805727347,1,下坡制动,0.33084474438079603,0.33084474438079603
82,630,598,135.0,40.729776155842714,2629.014480825266,2555.0,inf,10.433592938803363,6.304712527012774,0.3189406439299349,0.0,0.116351012887924,1.38105348484234,1.38105348484234,3,侧滑附着,0.08,0.08
83,632,598,90.0,28.80030091600653,2657.814781741273,2557.0,2.922745415306444,-4.9611042274088275,34.100996270707995,0.0,0.24650582247518527,0.7130291151617782,1.9227454153064438,1.9227454153064438,3,侧滑附着,0.35214035701655244,0.35214035701655244
84,632,598,90.0,28.80030091600653,2686.6150826572793,2557.0,2.922745415306444,-4.9611042274088275,34.100996270707995,0.0,0.24650582247518527,0.7130291151617782,1.9227454153064438,1.9227454153064438,3,侧滑附着,0.35214035701655244,0.35214035701655244
85,634,598,90.0,28.80030091600653,2715.415383573286,2552.0,3.2680665102794872,6.928978666267093,36.097998976797115,0.21049008597760355,0.0,0.7678775086357614,2.2680665102794872,2.2680665102794872,3,侧滑附着,0.32148926960282276,0.32148926960282276
86,634,598,45.0,40.729776155842714,2756.1451597291284,2552.0,2.8710594112008563,-23.251314796742054,31.027982518193017,0.0,1.3364710080006115,0.6334666257231417,1.8710594112008563,1.8710594112008563,3,侧滑附着,0.32148926960282276,0.32148926960282276
87,636,599,90.0,28.80030091600653,2784.945460645135,2555.0,2.2239582859643914,8.880567841118099,22.61965241027332,0.27063011054263314,0.0,0.4387871477918636,1.2239582859643914,1.2239582859643914,3,侧滑附着,0.34042198720008543,0.34042198720008543
88,636,599,90.0,28.80030091600653,2813.7457615611415,2555.0,2.2239582859643914,8.880567841118099,22.61965241027332,0.27063011054263314,0.0,0.4387871477918636,1.2239582859643914,1.2239582859643914,3,侧滑附着,0.34042198720008543,0.34042198720008543
89,638,599,90.0,28.80030091600653,2842.546062477148,2565.0,2.544932724726341,10.811610559159865,27.511757359889653,0.3307701351076628,0.0,0.5484839347398296,1.544932724726341,1.544932724726341,3,侧滑附着,0.3371201098900807,0.3371201098900807
90,638,600,45.0,40.729776155842714,2883.2758386329906,2553.0,inf,2.1091411147200416,17.061290734585917,0.063788128785987,0.0,0.3231972580220111,3.836259680117611,3.836259680117611,3,侧滑附着,0.08,0.08
91,640,600,45.0,40.729776155842714,2924.005614788833,2568.0,1.6742909521802998,0.0,12.460340243342161,0.0,0.0,0.23270202577584798,0.6742909521802998,0.6742909521802998,3,侧滑附着,0.32770506403518407,0.32770506403518407
92,640,601,90.0,28.80030091600653,2952.8059157048397,2569.0,1.3545343751176222,1.988617095146053,6.928978666267095,0.0601400245650296,0.0,0.12797958477262691,0.3545343751176222,0.3545343751176222,3,侧滑附着,0.3427777845704083,0.3427777845704083
93,642,601,90.0,28.80030091600653,2981.606216620846,2560.0,1.5907955330738692,-7.308995818132394e-16,11.768169401761957,0.0,3.617579292647341e-17,0.21939357389593178,0.5907955330738692,0.5907955330738692,3,侧滑附着,0.3526281840965434,0.3526281840965434
94,642,601,90.0,28.80030091600653,3010.406517536853,2560.0,1.5907955330738692,-7.308995818132394e-16,11.768169401761957,0.0,3.617579292647341e-17,0.21939357389593178,0.5907955330738692,0.5907955330738692,3,侧滑附着,0.3526281840965434,0.3526281840965434
95,644,602,45.0,40.729776155842714,3051.1362936926953,2562.0,1.369964631120303,-4.2125815475450645,6.9986312315437065,0.0,0.22197877867218183,0.12927890320880442,0.36996463112030303,0.36996463112030303,3,侧滑附着,0.33181634297464574,0.33181634297464574
96,644,602,90.0,28.80030091600653,3079.936594608702,2562.0,1.4185671991429534,1.988617095146053,7.907081131041212,0.0601400245650296,0.0,0.14626238259728788,0.41856719914295343,0.41856719914295343,3,侧滑附着,0.33181634297464574,0.33181634297464574
97,646,602,45.0,40.729776155842714,3120.6663707645444,2559.0,1.3679571373885362,-1.4064469873895038,6.998631231543707,0.0,0.07359142747770725,0.12927890320880445,0.36795713738853625,0.36795713738853625,3,侧滑附着,0.3336266604354089,0.3336266604354089
98,646,603,90.0,28.80030091600653,3149.466671680551,2569.0,1.0498475303145094,6.090829848443662e-17,0.9946080835930503,1.8412572146051675e-18,0.0,0.018282797824660985,0.049847530314509336,0.049847530314509336,3,侧滑附着,0.3482806381084528,0.3482806381084528
99,648,604,45.0,40.729776155842714,3190.1964478363934,2573.0,1.2620036822641962,-0.7033294435271848,4.911487749536041,0.0,0.03742909746631374,0.0904952322461631,0.2620036822641962,0.2620036822641962,3,侧滑附着,0.3279809539475563,0.3279809539475563
100,648,604,45.0,40.729776155842714,3230.926223992236,2573.0,1.2620036822641962,-0.7033294435271848,4.911487749536041,0.0,0.03742909746631374,0.0904952322461631,0.2620036822641962,0.2620036822641962,3,侧滑附着,0.3279809539475563,0.3279809539475563
101,650,606,45.0,40.729776155842714,3271.6560001480784,2572.0,1.1701079611263714,2.109141114720041,3.5124172492927563,0.06378812878598698,0.0,0.06463945160440221,0.1701079611263714,0.1701079611263714,3,侧滑附着,0.3608305870730358,0.3608305870730358
102,650,606,45.0,40.729776155842714,3312.385776303921,2572.0,1.1701079611263714,2.109141114720041,3.5124172492927563,0.06378812878598698,0.0,0.06463945160440221,0.1701079611263714,0.1701079611263714,3,侧滑附着,0.3608305870730358,0.3608305870730358
103,652,607,90.0,28.80030091600653,3341.1860772199275,2575.0,2.0182370005109007,0.9946080835930492,19.1479519585378,0.03007001228251477,0.0,0.3656559564932197,1.0182370005109005,1.0182370005109005,3,侧滑附着,0.34099978013552024,0.34099978013552024
104,652,608,45.0,40.729776155842714,3381.91585337577,2562.0,inf,-11.788011834139168,4.911487749536041,0.0,2.6086565824799752,0.0904952322461631,1.074152710432931,2.6086565824799752,1,下坡制动,0.08,0.08
105,654,608,45.0,40.729776155842714,3422.6456295316125,2569.0,1.6472858209022314,-4.2125815475450645,12.460340243342161,0.0,0.2157619403007438,0.23270202577584798,0.6472858209022314,0.6472858209022314,3,侧滑附着,0.3413771050655711,0.3413771050655711
106,654,610,45.0,40.729776155842714,3463.375405687455,2558.0,inf,9.751837025169372,6.998631231543707,0.29767793433460593,0.0,0.12927890320880445,1.5345038720470443,1.5345038720470443,3,侧滑附着,0.08,0.08
107,656,610,45.0,40.729776155842714,3504.1051818432975,2593.0,1.9955770182405828,14.455904058348354,19.595978808642915,0.44651690150190887,0.0,0.3749088193055328,0.9955770182405829,0.9955770182405829,3,侧滑附着,0.35758650033780637,0.35758650033780637
108,656,612,45.0,40.729776155842714,3544.83495799914,2575.0,2.392403709588163,-26.71690207473714,15.766958331444608,0.0,1.3924037095881634,0.29734147738025024,0.7811045200128723,1.3924037095881634,1,下坡制动,0.3614736670583567,0.3614736670583567
109,657,612,0.0,28.80030091600653,3573.6352589151466,2560.0,2.019997734607184,-15.523956617725572,19.1479519585378,0.0,0.8159981876857473,0.3656559564932197,1.019997734607184,1.019997734607184,3,侧滑附着,0.34041114163064967,0.34041114163064967
110,658,614,45.0,40.729776155842714,3614.365035070989,2548.0,1.551670221367225,-8.380105429147624,9.751837025169372,0.0,0.4728601897433357,0.1809904644923262,0.5516702213672251,0.5516702213672251,3,侧滑附着,0.31153473326866554,0.31153473326866554
111,658,614,0.0,28.80030091600653,3643.1653359869956,2548.0,1.724452401228119,0.9946080835930503,12.71812078369934,0.030070012282514803,0.0,0.2376763717205928,0.7244524012281189,0.7244524012281189,3,侧滑附着,0.31153473326866554,0.31153473326866554
112,658,616,45.0,40.729776155842714,3683.895112142838,2550.0,inf,-0.7033294435271841,17.061290734585917,0.0,0.15345038720470422,0.3231972580220111,3.836259680117611,3.836259680117611,3,侧滑附着,0.08,0.08
113,660,616,45.0,40.729776155842714,3724.6248882986806,2550.0,1.5521990331961273,4.911487749536041,10.433592938803363,0.14883896716730297,0.0,0.19391835481320663,0.5521990331961273,0.5521990331961273,3,侧滑附着,0.3334675639133181,0.3334675639133181
114,660,618,45.0,40.729776155842714,3765.354664454523,2549.0,inf,-4.2125815475450645,4.2125815475450645,0.0,0.9207023232282265,0.07756734192528265,0.9207023232282265,0.9207023232282265,1,下坡制动,0.08,0.08
115,662,618,45.0,40.729776155842714,3806.0844406103656,2553.0,inf,4.911487749536041,6.304712527012773,0.14883896716730297,0.0,0.11635101288792399,1.3810534848423397,1.3810534848423397,3,侧滑附着,0.08,0.08
116,662,620,45.0,40.729776155842714,3846.814216766208,2548.0,1.675732575287403,4.911487749536041,11.788011834139168,0.14883896716730297,0.0,0.21977413545496755,0.675732575287403,0.675732575287403,3,侧滑附着,0.3088389344594802,0.3088389344594802
117,663,620,0.0,28.80030091600653,3875.6145176822147,2555.0,1.4544420672140812,-2.98143012479497,8.8805678411181,0.0,0.15148068907136045,0.16454518042194885,0.4544420672140813,0.4544420672140813,3,侧滑附着,0.3438246110151353,0.3438246110151353
118,663,622,0.0,28.80030091600653,3904.4148185982212,2554.0,1.661895650550189,0.9946080835930503,12.71812078369934,0.030070012282514803,0.0,0.2376763717205928,0.661895650550189,0.661895650550189,3,侧滑附着,0.3409783482598813,0.3409783482598813
119,663,622,0.0,28.80030091600653,3933.215119514228,2554.0,1.661895650550189,0.9946080835930503,12.71812078369934,0.030070012282514803,0.0,0.2376763717205928,0.661895650550189,0.661895650550189,3,侧滑附着,0.3409783482598813,0.3409783482598813
120,663,624,0.0,28.80030091600653,3962.0154204302344,2564.0,2.0686735060809074,19.1479519585378,20.03082003107638,0.601400245650296,0.0,0.3839387543178807,1.0686735060809072,1.0686735060809072,3,侧滑附着,0.34115145635316785,0.34115145635316785
121,664,624,45.0,40.729776155842714,4002.745196586077,2554.0,2.6871029310750725,-2.1091411147200416,28.917200023608167,0.0,0.11247352873833817,0.5817550644396201,1.6871029310750727,1.6871029310750727,3,侧滑附着,0.3274378752949478,0.3274378752949478
122,664,626,0.0,28.80030091600653,4031.5454975020834,2571.0,2.137787044807737,12.71812078369934,21.766894469838075,0.39091015967269244,0.0,0.4205043499672027,1.137787044807737,1.137787044807737,3,侧滑附着,0.3509456221623075,0.3509456221623075
123,664,626,0.0,28.80030091600653,4060.34579841809,2571.0,2.137787044807737,12.71812078369934,21.766894469838075,0.39091015967269244,0.0,0.4205043499672027,1.137787044807737,1.137787044807737,3,侧滑附着,0.3509456221623075,0.3509456221623075
124,664,628,0.0,28.80030091600653,4089.1460993340966,2586.0,2.241685592052776,13.661016318661032,22.61965241027332,0.4209801719552072,0.0,0.4387871477918636,1.2416855920527758,1.2416855920527758,3,侧滑附着,0.33556184802905537,0.33556184802905537
125,664,628,45.0,40.729776155842714,4129.875875489939,2586.0,2.3901734785500723,-6.998631231543707,25.00854239743038,0.0,0.3658351259342296,0.49125983219345687,1.3901734785500723,1.3901734785500723,3,侧滑附着,0.33556184802905537,0.33556184802905537
126,666,630,45.0,40.729776155842714,4170.605651645782,2613.0,3.220085827238739,20.217790366913356,38.155515715596394,0.6378812878598698,0.0,0.8273849805363483,2.220085827238739,2.220085827238739,3,侧滑附着,0.35388991742990766,0.35388991742990766
127,666,630,45.0,40.729776155842714,4211.335427801625,2613.0,3.220085827238739,20.217790366913356,38.155515715596394,0.6378812878598698,0.0,0.8273849805363483,2.220085827238739,2.220085827238739,3,侧滑附着,0.35388991742990766,0.35388991742990766
128,668,632,45.0,40.729776155842714,4252.065203957468,2642.0,3.204473894727259,9.751837025169369,39.85412003248107,0.2976779343346058,0.0,0.8790965418198702,2.204473894727259,2.204473894727259,3,侧滑附着,0.378670900399582,0.378670900399582
129,668,632,45.0,40.729776155842714,4292.794980113311,2642.0,3.204473894727259,9.751837025169369,39.85412003248107,0.2976779343346058,0.0,0.8790965418198702,2.204473894727259,2.204473894727259,3,侧滑附着,0.378670900399582,0.378670900399582
130,670,634,45.0,40.729776155842714,4333.524756269154,2669.0,2.797056347808672,11.112374481460865,34.50687889724974,0.3402033535252639,0.0,0.7239618579693048,1.797056347808672,1.797056347808672,3,侧滑附着,0.38254656973418005,0.38254656973418005
131,670,634,270.0,28.80030091600653,4362.32505718516,2669.0,2.6337709381983694,19.147951958537792,32.005114152409014,0.6014002456502959,0.0,0.6581807216877954,1.6337709381983694,1.6337709381983694,3,侧滑附着,0.38254656973418005,0.38254656973418005
132,668,634,270.0,28.80030091600653,4391.125358101167,2677.0,2.911243851651219,12.718120783699334,35.44318956191034,0.3909101596726922,0.0,0.7495947108111005,1.9112438516512191,1.9112438516512191,3,侧滑附着,0.3724266350556602,0.3724266350556602
133,668,634,315.0,40.729776155842714,4431.85513425701,2677.0,2.148186318147766,33.540624035591804,18.96932516414342,1.1481863181477656,0.0,0.36198092898465245,0.922943845465923,1.1481863181477656,0,上坡牵引,0.3724266350556602,0.3724266350556602
134,667,636,0.0,28.80030091600653,4460.6554351730165,2709.0,2.9467366281143232,25.114604821166303,36.097998976797115,0.8118903316278997,0.0,0.7678775086357614,1.9467366281143232,1.9467366281143232,3,侧滑附着,0.3745545419916376,0.3745545419916376
135,668,636,45.0,40.729776155842714,4501.385211328859,2728.0,2.6179376908931786,35.91528192694328,32.04975988982777,1.254499866124411,0.0,0.6593224063649026,1.6179376908931788,1.6179376908931788,3,侧滑附着,0.38696025781907667,0.38696025781907667
136,668,638,0.0,28.80030091600653,4530.185512244866,2767.0,1.9363294056257434,18.25553529978623,19.1479519585378,0.5713302333677812,0.0,0.3656559564932197,0.9363294056257434,0.9363294056257434,3,侧滑附着,0.37082952996646745,0.37082952996646745
137,668,638,0.0,28.80030091600653,4558.985813160873,2767.0,1.9363294056257434,18.25553529978623,19.1479519585378,0.5713302333677812,0.0,0.3656559564932197,0.9363294056257434,0.9363294056257434,3,侧滑附着,0.37082952996646745,0.37082952996646745
138,668,640,315.0,40.729776155842714,4599.7155893167155,2794.0,2.2861906088467663,24.428173456638078,25.58347811338173,0.7867202550271725,0.0,0.5041877225143373,1.2861906088467663,1.2861906088467663,3,侧滑附着,0.37223504003526064,0.37223504003526064
139,667,640,0.0,28.80030091600653,4628.515890232722,2798.0,1.9572118698883383,18.25553529978623,20.03082003107638,0.5713302333677812,0.0,0.3839387543178807,0.9572118698883382,0.9572118698883382,3,侧滑附着,0.3808765170447985,0.3808765170447985
140,667,642,0.0,28.80030091600653,4657.316191148729,2824.0,2.699853704052789,20.903879542425827,33.413448289183464,0.6615402702153257,0.0,0.6947463173371174,1.699853704052789,1.699853704052789,3,侧滑附着,0.38810123831952986,0.38810123831952986
141,667,642,0.0,28.80030091600653,4686.116492064735,2824.0,2.699853704052789,20.903879542425827,33.413448289183464,0.6615402702153257,0.0,0.6947463173371174,1.699853704052789,1.699853704052789,3,侧滑附着,0.38810123831952986,0.38810123831952986
142,667,644,0.0,28.80030091600653,4714.916792980742,2841.0,3.2721215216002406,14.596429528741979,41.52191635819476,0.45105018423772203,0.0,0.9324226890577101,2.2721215216002406,2.2721215216002406,3,侧滑附着,0.3896831242617565,0.3896831242617565
143,667,644,0.0,28.80030091600653,4743.717093896748,2841.0,3.2721215216002406,14.596429528741979,41.52191635819476,0.45105018423772203,0.0,0.9324226890577101,2.2721215216002406,2.2721215216002406,3,侧滑附着,0.3896831242617565,0.3896831242617565
144,667,646,0.0,28.80030091600653,4772.517394812755,2848.0,2.9203237342938912,3.972454567555506,35.44318956191034,0.12028004913005921,0.0,0.7495947108111005,1.9203237342938912,1.9203237342938912,3,侧滑附着,0.37066568710297865,0.37066568710297865
145,667,646,0.0,28.80030091600653,4801.3176957287615,2848.0,2.9203237342938912,3.972454567555506,35.44318956191034,0.12028004913005921,0.0,0.7495947108111005,1.9203237342938912,1.9203237342938912,3,侧滑附着,0.37066568710297865,0.37066568710297865
146,667,648,0.0,28.80030091600653,4830.117996644768,2855.0,2.6258373086865285,11.768169401761957,29.808855987202545,0.3608401473901776,0.0,0.6033323282138126,1.6258373086865283,1.6258373086865283,3,侧滑附着,0.35237884869440395,0.35237884869440395
147,667,648,0.0,28.80030091600653,4858.918297560775,2855.0,2.6258373086865285,11.768169401761957,29.808855987202545,0.3608401473901776,0.0,0.6033323282138126,1.6258373086865283,1.6258373086865283,3,侧滑附着,0.35237884869440395,0.35237884869440395
148,668,649,90.0,28.80030091600653,4887.718598476781,2874.0,1.9622403930404737,29.054349955806135,18.255535299786228,0.9622403930404737,0.0,0.34737315866855867,0.9370152808834354,0.9622403930404737,0,上坡牵引,0.35203018605457437,0.35203018605457437
149,668,650,0.0,28.80030091600653,4916.518899392788,2885.0,2.5244795364330748,21.766894469838075,29.808855987202545,0.6916102824978405,0.0,0.6033323282138126,1.5244795364330748,1.5244795364330748,3,侧滑附着,0.3758073922338123,0.3758073922338123
150,668,650,135.0,40.729776155842714,4957.248675548631,2885.0,2.8292821153802814,6.998631231543714,34.50687889724974,0.21262709595329013,0.0,0.7239618579693048,1.8292821153802814,1.8292821153802814,3,侧滑附着,0.3758073922338123,0.3758073922338123
151,670,648,135.0,40.729776155842714,4997.978451704474,2915.0,1.9595065417396198,9.751837025169372,18.969325164143413,0.29767793433460593,0.0,0.36198092898465234,0.9595065417396198,0.9595065417396198,3,侧滑附着,0.35823504658180794,0.35823504658180794
152,670,648,0.0,28.80030091600653,5026.77875262048,2915.0,2.0177103733854076,6.928978666267095,20.03082003107638,0.21049008597760363,0.0,0.3839387543178807,1.0177103733854076,1.0177103733854076,3,侧滑附着,0.35823504658180794,0.35823504658180794
153,670,649,90.0,28.80030091600653,5055.579053536487,2916.0,2.648105609807372,42.07472428469841,31.284227244209976,1.5636406386907695,0.0,0.6398979238631345,1.6481056098073716,1.6481056098073716,3,侧滑附着,0.36868543787066455,0.36868543787066455
154,671,650,0.0,28.80030091600653,5084.379354452493,2987.0,4.788520152433168,43.676942915173946,54.91401652112883,1.6538506755383142,0.0,1.4991894216222008,3.788520152433169,3.788520152433169,3,侧滑附着,0.3757657807369011,0.3757657807369011
155,671,650,0.0,28.80030091600653,5113.1796553685,2987.0,4.788520152433168,43.676942915173946,54.91401652112883,1.6538506755383142,0.0,1.4991894216222008,3.788520152433169,3.788520152433169,3,侧滑附着,0.3757657807369011,0.3757657807369011
156,671,652,0.0,28.80030091600653,5141.979956284506,2991.0,5.890273085948938,4.961104227408825,62.14597175729786,0.150350061412574,0.0,1.9928249628880472,4.890273085948938,4.890273085948938,3,侧滑附着,0.38696025781907667,0.38696025781907667
157,671,652,0.0,28.80030091600653,5170.780257200513,2991.0,5.890273085948938,4.961104227408825,62.14597175729786,0.150350061412574,0.0,1.9928249628880472,4.890273085948938,4.890273085948938,3,侧滑附着,0.38696025781907667,0.38696025781907667
158,672,652,135.0,40.729776155842714,5211.510033356356,3080.0,4.239389690919829,28.37549454720194,51.388329398630134,0.9355592221944758,0.0,1.318644812729805,3.2393896909198285,3.2393896909198285,3,侧滑附着,0.38654045714623075,0.38654045714623075
159,672,652,0.0,28.80030091600653,5240.3103342723625,3080.0,4.278693969939804,26.723744518553328,51.72481777863512,0.8720303561929292,0.0,1.334644241200252,3.2786939699398037,3.2786939699398037,3,侧滑附着,0.38654045714623075,0.38654045714623075
160,672,654,0.0,28.80030091600653,5269.110635188369,3089.0,4.8883950330094486,-3.972454567555506,56.793155366473705,0.0,0.17674522877315677,1.6088862085701667,3.888395033009449,3.888395033009449,3,侧滑附着,0.39290293248053265,0.39290293248053265
161,672,654,0.0,28.80030091600653,5297.910936104376,3089.0,4.8883950330094486,-3.972454567555506,56.793155366473705,0.0,0.17674522877315677,1.6088862085701667,3.888395033009449,3.888395033009449,3,侧滑附着,0.39290293248053265,0.39290293248053265
162,672,656,0.0,28.80030091600653,5326.711237020382,3092.0,2.7991219869735326,13.661016318661032,35.44318956191034,0.4209801719552072,0.0,0.7495947108111005,1.7991219869735329,1.7991219869735329,3,侧滑附着,0.395636383584409,0.395636383584409
163,672,656,0.0,28.80030091600653,5355.511537936389,3092.0,2.7991219869735326,13.661016318661032,35.44318956191034,0.4209801719552072,0.0,0.7495947108111005,1.7991219869735329,1.7991219869735329,3,侧滑附着,0.395636383584409,0.395636383584409
164,672,658,0.0,28.80030091600653,5384.311838852395,3114.0,2.953395596292051,23.461964145997715,36.74207436541821,0.75175030706287,0.0,0.7861603064604225,1.9533955962920506,1.9533955962920506,3,侧滑附着,0.38216528042144216,0.38216528042144216
165,672,658,0.0,28.80030091600653,5413.112139768402,3114.0,2.953395596292051,23.461964145997715,36.74207436541821,0.75175030706287,0.0,0.7861603064604225,1.9533955962920506,1.9533955962920506,3,侧滑附着,0.38216528042144216,0.38216528042144216
166,672,660,0.0,28.80030091600653,5441.9124406844085,3139.0,3.057151465321539,29.054349955806135,38.610960607975606,0.9622403930404737,0.0,0.8410086999344053,2.057151465321539,2.057151465321539,3,侧滑附着,0.38820805290101845,0.38820805290101845
167,672,660,0.0,28.80030091600653,5470.712741600415,3139.0,3.057151465321539,29.054349955806135,38.610960607975606,0.9622403930404737,0.0,0.8410086999344053,2.057151465321539,2.057151465321539,3,侧滑附着,0.38820805290101845,0.38820805290101845
168,672,662,0.0,28.80030091600653,5499.513042516422,3174.0,3.456479157367368,27.511757359889653,43.676942915173946,0.9021003684754441,0.0,1.0055538803563542,2.456479157367368,2.456479157367368,3,侧滑附着,0.3887071986974172,0.3887071986974172
169,672,662,0.0,28.80030091600653,5528.313343432428,3174.0,3.456479157367368,27.511757359889653,43.676942915173946,0.9021003684754441,0.0,1.0055538803563542,2.456479157367368,2.456479157367368,3,侧滑附着,0.3887071986974172,0.3887071986974172
170,672,664,0.0,28.80030091600653,5557.113644348435,3195.0,3.370409307942099,16.44321708789231,42.07472428469841,0.5111902088027516,0.0,0.9507054868823711,2.370409307942099,2.370409307942099,3,侧滑附着,0.3808491385147889,0.3808491385147889
171,672,664,135.0,40.729776155842714,5597.843420504278,3195.0,3.224098888702237,23.25131479674205,40.266138812001245,0.7441948358365147,0.0,0.8920244321407507,2.224098888702237,2.224098888702237,3,侧滑附着,0.3808491385147889,0.3808491385147889
172,673,664,0.0,28.80030091600653,5626.643721420284,3224.0,3.6265758703565534,10.811610559159867,45.68761016911773,0.33077013510766284,0.0,1.0786850716549983,2.6265758703565534,2.6265758703565534,3,侧滑附着,0.3899734487674935,0.3899734487674935
173,673,664,0.0,28.80030091600653,5655.444022336291,3224.0,3.6265758703565534,10.811610559159867,45.68761016911773,0.33077013510766284,0.0,1.0786850716549983,2.6265758703565534,2.6265758703565534,3,侧滑附着,0.3899734487674935,0.3899734487674935
174,673,666,0.0,28.80030091600653,5684.244323252297,3247.0,3.2377427713924107,20.03082003107638,41.52191635819476,0.6314702579328109,0.0,0.9324226890577101,2.2377427713924107,2.2377427713924107,3,侧滑附着,0.3956698797525337,0.3956698797525337
175,673,666,0.0,28.80030091600653,5713.044624168304,3247.0,3.2377427713924107,20.03082003107638,41.52191635819476,0.6314702579328109,0.0,0.9324226890577101,2.2377427713924107,2.2377427713924107,3,侧滑附着,0.3956698797525337,0.3956698797525337
176,673,668,0.0,28.80030091600653,5741.8449250843105,3265.0,3.5857970421040783,16.44321708789231,43.676942915173946,0.5111902088027516,0.0,1.0055538803563542,2.5857970421040783,2.5857970421040783,3,侧滑附着,0.36926762473692665,0.36926762473692665
177,674,668,135.0,40.729776155842714,5782.574701240153,3295.0,3.4425157220729385,23.842414686192427,42.25283337586239,0.765457545431844,0.0,0.9566638837451528,2.4425157220729385,2.4425157220729385,3,侧滑附着,0.37192239663198184,0.37192239663198184
178,674,668,0.0,28.80030091600653,5811.37500215616,3295.0,3.5673396935888984,18.25553529978623,43.676942915173946,0.5713302333677812,0.0,1.0055538803563542,2.5673396935888984,2.5673396935888984,3,侧滑附着,0.37192239663198184,0.37192239663198184
179,674,668,0.0,28.80030091600653,5840.175303072167,3295.0,3.5673396935888984,18.25553529978623,43.676942915173946,0.5713302333677812,0.0,1.0055538803563542,2.5673396935888984,2.5673396935888984,3,侧滑附着,0.37192239663198184,0.37192239663198184
180,674,670,0.0,28.80030091600653,5868.975603988173,3316.0,3.2153711873514204,20.03082003107638,40.95949962845593,0.6314702579328109,0.0,0.9141398912330493,2.2153711873514204,2.2153711873514204,3,侧滑附着,0.391828912706129,0.391828912706129
181,674,670,0.0,28.80030091600653,5897.77590490418,3316.0,3.2153711873514204,20.03082003107638,40.95949962845593,0.6314702579328109,0.0,0.9141398912330493,2.2153711873514204,2.2153711873514204,3,侧滑附着,0.391828912706129,0.391828912706129
182,674,672,0.0,28.80030091600653,5926.576205820186,3334.0,2.506602231516035,16.44321708789231,29.808855987202545,0.5111902088027516,0.0,0.6033323282138126,1.5066022315160346,1.5066022315160346,3,侧滑附着,0.3802667134921901,0.3802667134921901
183,674,672,0.0,28.80030091600653,5955.376506736193,3334.0,2.506602231516035,16.44321708789231,29.808855987202545,0.5111902088027516,0.0,0.6033323282138126,1.5066022315160346,1.5066022315160346,3,侧滑附着,0.3802667134921901,0.3802667134921901
184,674,674,0.0,28.80030091600653,5984.176807652199,3348.0,2.3645153003764614,17.35385420275948,26.723744518553328,0.5412602210852664,0.0,0.5302011369151686,1.3645153003764614,1.3645153003764614,3,侧滑附着,0.3689712825192392,0.3689712825192392
185,674,674,135.0,40.729776155842714,6024.906583808042,3348.0,2.5637354148504397,7.690492757713028,29.98380530918294,0.23388980554861902,0.0,0.6076108450813807,1.5637354148504399,1.5637354148504399,3,侧滑附着,0.3689712825192392,0.3689712825192392
186,676,673,90.0,28.80030091600653,6053.706884724049,3374.0,1.7097123710481201,20.03082003107638,15.523956617725572,0.6314702579328109,0.0,0.29252476519457576,0.7097123710481201,0.7097123710481201,3,侧滑附着,0.3913907747369651,0.3913907747369651
187,676,673,90.0,28.80030091600653,6082.5071856400555,3374.0,1.7097123710481201,20.03082003107638,15.523956617725572,0.6314702579328109,0.0,0.29252476519457576,0.7097123710481201,0.7097123710481201,3,侧滑附着,0.3913907747369651,0.3913907747369651
188,678,672,135.0,40.729776155842714,6123.236961795898,3392.0,2.06960327733968,7.6904927577130255,22.05331381416801,0.2338898055486189,0.0,0.4266203805890546,1.06960327733968,1.06960327733968,3,侧滑附着,0.3787469941399837,0.3787469941399837
189,678,672,90.0,28.80030091600653,6152.037262711905,3392.0,1.6615402702153257,20.903879542425827,10.811610559159865,0.6615402702153257,0.0,0.2011107760712708,0.5042158203908288,0.6615402702153257,0,上坡牵引,0.3787469941399837,0.3787469941399837
190,679,672,0.0,28.80030091600653,6180.837563627912,3402.0,1.4811201965202367,15.523956617725572,8.8805678411181,0.48112019652023685,0.0,0.16454518042194885,0.4075148955394369,0.48112019652023685,0,上坡牵引,0.38341756030511,0.38341756030511
191,680,674,45.0,40.729776155842714,6221.5673397837545,3428.0,2.204161950102573,9.75183702516937,25.008542397430375,0.2976779343346059,0.0,0.4912598321934567,1.204161950102573,1.204161950102573,3,侧滑附着,0.387397377644691,0.387397377644691
192,680,674,0.0,28.80030091600653,6250.367640699761,3428.0,1.781820319345385,24.29366311851227,11.768169401761957,0.7818203193453849,0.0,0.21939357389593178,0.537771208777482,0.7818203193453849,0,上坡牵引,0.387397377644691,0.387397377644691
193,680,676,0.0,28.80030091600653,6279.167941615768,3451.0,1.6753093682982145,19.1479519585378,14.596429528741979,0.601400245650296,0.0,0.2742419673699148,0.6753093682982146,0.6753093682982146,3,侧滑附着,0.38562169768156074,0.38562169768156074
194,680,676,0.0,28.80030091600653,6307.968242531774,3451.0,1.6753093682982145,19.1479519585378,14.596429528741979,0.601400245650296,0.0,0.2742419673699148,0.6753093682982146,0.6753093682982146,3,侧滑附着,0.38562169768156074,0.38562169768156074
195,680,678,0.0,28.80030091600653,6336.768543447781,3465.0,1.5127454412503287,14.596429528741979,10.811610559159867,0.45105018423772203,0.0,0.20111077607127084,0.5127454412503287,0.5127454412503287,3,侧滑附着,0.37244646368116346,0.37244646368116346
196,680,678,315.0,40.729776155842714,6377.498319603624,3465.0,1.5528304494785536,17.701877165053613,2.811201072520622,0.5528304494785536,0.0,0.051711561283521855,0.1318421012838533,0.5528304494785536,0,上坡牵引,0.37244646368116346,0.37244646368116346
197,680,680,45.0,40.729776155842714,6418.228095759467,3491.0,2.1897844684054646,17.701877165053617,25.00854239743038,0.5528304494785538,0.0,0.49125983219345687,1.1897844684054646,1.1897844684054646,3,侧滑附着,0.39207872865311066,0.39207872865311066
