pair_id,roi_id,scenario,模型代码,模型名称,起点_row,起点_col,终点_row,终点_col,是否找到路径,路径总代价_J,路径长度_L_m,平均单位距离代价_J除以L,绕行率_L除以直线距离,路径节点数,评价路径长度_m,平均上坡牵引利用率,平均下坡制动利用率,平均侧翻稳定性利用率,平均侧滑附着利用率,平均最大利用率,最大上坡牵引利用率,最大下坡制动利用率,最大侧翻稳定性利用率,最大侧滑附着利用率,最大rho_max,P_rho_roll_gt_0p7,P_rho_slide_gt_0p7,P_rho_up_gt_0p7,P_rho_down_gt_0p7,P_rho_max_gt_1p0,P_rho_max_gt_0p9,主导限制_上坡牵引_路径比例,主导限制_下坡制动_路径比例,主导限制_侧翻稳定性_路径比例,主导限制_侧滑附着_路径比例,平均侧滑附着能力_mu_s,平均制动附着能力_mu_b
1,1,contour_cross_slope,B0,B0 静态坡度代价,565,597,694,662,True,16894.472268994374,5704.360895960805,2.9616766149836637,1.3711670461241126,168,5704.360895960805,0.2769162685490911,0.24305463165350696,0.22504345637681888,0.8633851741166525,1.0509889015036786,2.4026861842721767,3.0614549539839597,0.8144570902154679,8.593221683463447,8.593221683463447,0.03360927000168096,0.381173286355409,0.1610548613594162,0.09246264836298526,0.33415003303974566,0.38586329931861096,0.17829261678570468,0.202163052152259,0.0,0.6195443310620359,0.3104905515225703,0.3104905515225703
1,1,contour_cross_slope,B1,B1 方向纵坡代价,565,597,694,662,True,9385.586498537747,5436.123288546075,1.7265220084896162,1.3066903107761283,162,5436.123288546076,0.24485850902531464,0.2300195771331426,0.4827568202785618,1.5146776635357075,1.5783960966158146,1.2629405158656222,3.0614549539839597,1.409140044975968,8.593221683463447,8.593221683463447,0.26511797874454707,0.753879332931916,0.09793406768695827,0.10012854978506883,0.7018088327429041,0.7273895907136989,0.007492430541753982,0.11511341086857678,0.0,0.8773941585896685,0.32440872590410885,0.32440872590410885
1,1,contour_cross_slope,V9常数附着,V9 常数附着车辆能力利用率,565,597,694,662,True,8745.592653775102,5253.438782177368,1.6647367593670441,1.2627781215688165,154,5253.438782177368,0.2678800186054399,0.2591371760580785,0.26681120086235627,0.9201937649035514,1.0873227177886151,1.50350061412574,3.0614549539839597,0.9049523224616309,8.593221683463447,8.593221683463447,0.05200002687341483,0.4454536860508128,0.16524463541092854,0.12005698938050044,0.3838194977971956,0.4586888411472679,0.16430404189852335,0.14652729957341046,0.0,0.6891686585280654,0.3204903027164695,0.3204903027164695
1,1,contour_cross_slope,V10空间附着,V10 空间附着车辆能力利用率,565,597,694,662,True,9909.534374564202,5294.16855833321,1.8717829372784593,1.2725684079618895,155,5294.168558333211,0.27955993395308015,0.2636772509031512,0.2548126844417402,0.8797136211019696,1.069422276425671,1.50350061412574,3.0614549539839597,0.9049523224616309,4.910412390550541,4.910412390550541,0.04390664542203454,0.42889333195054663,0.17485336325180934,0.1168800279071499,0.4048799901947852,0.46829333006492835,0.18705333873877233,0.17617332968780477,0.0,0.6367733315734223,0.3186856783808355,0.3186856783808355
2,1,upslope_downslope,B0,B0 静态坡度代价,662,565,597,694,True,20371.67365630874,5402.381637193735,3.7708690396946483,1.2985797719690733,160,5402.3816371937355,0.3627687966131378,0.47589580903587436,0.2364532121733066,0.5856425783120396,1.0440546874310435,1.8923811539842799,2.619807363796774,0.723961857969305,1.9303843733239396,2.619807363796774,0.015078452020283326,0.30393415968081494,0.21879448539578417,0.2676884874155308,0.5188480650253541,0.55433600690259,0.2454496745791301,0.35648680765945856,0.0,0.39806351776141163,0.3801504026675046,0.3801504026675046
2,1,upslope_downslope,B1,B1 方向纵坡代价,662,565,597,694,True,12434.284242093348,6676.58300230153,1.862372449770645,1.6048617470803077,203,6676.583002301524,0.22790200186071777,0.31865611002037014,0.7022946395357289,1.9040267750728421,1.9287102146670432,1.530915090863687,1.8679279332981642,1.409140044975968,6.905267424211701,6.905267424211701,0.5251416712713436,0.9489765557563933,0.07289814854921564,0.22880190670690717,0.9177344920924437,0.9324621421424708,0.023354907707448098,0.046709815414896196,0.0,0.9299352768776563,0.3598691564504183,0.3598691564504183
2,1,upslope_downslope,V9常数附着,V9 常数附着车辆能力利用率,662,565,597,694,True,8638.79685510659,4514.513659233866,1.9135609075934514,1.0851614180305171,130,4514.513659233867,0.4270166602646435,0.5861711611321901,0.29916864903271917,0.7574727468260736,1.2336272824417083,2.3454609580361545,3.386087277101314,0.8273849805363485,2.114321817169962,3.386087277101314,0.015401454579638776,0.5049643580985184,0.30757571510049675,0.31531533594449257,0.5989210097451502,0.6605268280637052,0.3022907714098578,0.3137674117756935,0.0,0.3839418168144491,0.37759920462286145,0.37759920462286145
2,1,upslope_downslope,V10空间附着,V10 空间附着车辆能力利用率,662,565,597,694,True,9515.162513432662,4514.513659233866,2.1076827387531774,1.0851614180305171,130,4514.513659233867,0.4274003230321769,0.6005369360933471,0.30709982569323574,0.7759287718113823,1.2432285624665766,2.3454609580361545,3.386087277101314,0.8273849805363485,2.114321817169962,3.386087277101314,0.021780945946798372,0.5139863213109975,0.30757571510049675,0.32807431867881176,0.5962785378998305,0.6578843562183857,0.30867026277701737,0.3137674117756935,0.0,0.3775623254472895,0.3778736350787553,0.3778736350787553
3,1,diagonal_ne_sw,B0,B0 静态坡度代价,578,578,680,680,True,19992.916407987657,5287.180433529708,3.78139476405961,1.2726586586474813,156,5287.180433529709,0.39229431727310016,0.3284073049682835,0.23772123047878013,0.7443079415957072,1.0512313859012568,2.0837455403422416,2.5781174298957876,0.9954475547077943,3.836259680117611,3.836259680117611,0.02855768424811149,0.34191797056965756,0.264335534565341,0.16325548874865106,0.38588264789012444,0.4856409826565946,0.22449634083423267,0.24760683044276585,0.0,0.5278968287230017,0.3393534032745593,0.3393534032745593
3,1,diagonal_ne_sw,B1,B1 方向纵坡代价,578,578,680,680,True,12426.51852987339,6418.228095759467,1.9361291534782958,1.5449091745465062,199,6418.228095759464,0.2658163619375803,0.24855601644984898,0.541544647401656,1.4905076500123324,1.5345782825429732,1.6538506755383142,2.6086565824799752,1.9928249628880472,4.890273085948938,4.890273085948938,0.30160356652841647,0.7575007932239354,0.10275614003726745,0.15134617999639347,0.6846157332852463,0.726089926641421,0.03698692670152977,0.08743565336699426,0.0,0.875577419931476,0.3443501466718545,0.3443501466718545
3,1,diagonal_ne_sw,V9常数附着,V9 常数附着车辆能力利用率,578,578,680,680,True,8898.984707172658,5002.072000438808,1.7790596989391583,1.2040312076670887,149,5002.07200043881,0.4352572016460546,0.39835196246416193,0.26358704903526925,0.8012259097614729,1.1433319815061678,2.3454609580361545,2.9674542208847208,0.8273849805363483,3.836259680117611,3.836259680117611,0.04170076544225053,0.45352942107294164,0.2660805692363175,0.19600061808854097,0.4390504905148325,0.5282096956018401,0.24502559386168907,0.219031314898567,0.0,0.5359430912397442,0.3417609023474101,0.3417609023474101
3,1,diagonal_ne_sw,V10空间附着,V10 空间附着车辆能力利用率,578,578,680,680,True,9816.023091387087,5110.285079299332,1.9208366928783855,1.2300787983483867,154,5110.285079299334,0.43620842103505153,0.38837048737908203,0.23564635080856342,0.7396552784724767,1.0966984413328165,2.3454609580361545,2.7037992519043903,0.8403128708572288,3.836259680117611,3.836259680117611,0.01924166195466687,0.3895020491713348,0.27035020959256156,0.1928171401312167,0.4293528358924419,0.5166240460943294,0.2905588137744539,0.2575453411122135,0.0,0.4518958451133329,0.33970762339214833,0.33970762339214833
4,1,diagonal_nw_se,B0,B0 静态坡度代价,579,679,680,579,True,21122.262034820233,4905.78839681812,4.305579516743949,1.1984649903730398,144,4905.788396818122,0.3204043831498611,0.6264117995624288,0.2518018278136107,0.6802389607974932,1.2163093245488397,1.9349065731749384,3.1094963499401516,0.6981060773275439,1.9890007416628837,3.1094963499401516,0.0,0.3962558970548853,0.2322225639486062,0.29662719839615004,0.5810958258604865,0.6685659535874082,0.2522663102405647,0.34703158052657457,0.0,0.40070210923286115,0.35870476795372397,0.35870476795372397
4,1,diagonal_nw_se,B1,B1 方向纵坡代价,579,679,680,579,True,10439.132103283187,6647.782701385523,1.570317889769092,1.624027411452463,202,6647.782701385518,0.14981374352376695,0.33458005950618297,0.5907248574613896,1.7173092368250333,1.749126826336036,1.3832205649956808,4.756962003345836,2.1573701433099965,11.81567981476224,11.81567981476224,0.3726320731307063,0.786792810226721,0.033915226628079755,0.2085669846599643,0.7268836825855975,0.7485452667631339,0.04363105663288026,0.06349813642065222,0.0,0.8928708069464683,0.3432437985485915,0.3432437985485915
4,1,diagonal_nw_se,V9常数附着,V9 常数附着车辆能力利用率,579,679,680,579,True,8689.682536870181,4456.065255699849,1.9500797313852216,1.0885993793042008,123,4456.065255699856,0.3620695012022469,0.7938121388015242,0.31077343533788654,0.8662267153063496,1.4908849886372653,2.8492030857740844,14.884687558856326,0.8920244321407507,6.4449162625975855,14.884687558856326,0.02742090195183586,0.5448222604619586,0.24586947107024457,0.34262674173332497,0.6734360507375575,0.7697339981524988,0.1974908357387044,0.3372724775763642,0.0,0.4652366866849316,0.35897854705631493,0.35897854705631493
4,1,diagonal_nw_se,V10空间附着,V10 空间附着车辆能力利用率,579,679,680,579,True,9751.142653279423,4540.419384080703,2.1476303901503435,1.1092067641892596,128,4540.419384080707,0.3662147990593123,0.6686443783071948,0.28424119763008754,0.8073369012056565,1.3235308934689451,1.4734306018432253,2.9212965283338215,0.7495947108111005,6.4449162625975855,6.4449162625975855,0.00634309267046654,0.4924752430748735,0.2741053539797112,0.31985937182262697,0.6302974662467409,0.7538944117136517,0.2852524469566211,0.303006699106174,0.0,0.41174085393720533,0.3607539489127648,0.3607539489127648
5,1,random_far_1,B0,B0 静态坡度代价,645,635,557,649,True,13370.846472668287,3490.4801031994625,3.8306611346709096,1.3601220773019265,99,3490.480103199466,0.24488524408755089,0.5915580030584684,0.32780399478018835,0.7983240841656902,1.1578210134660114,1.3608134141010557,3.1047391079365116,0.9049523224616309,2.1576652341993667,3.1047391079365116,0.03500645322559672,0.5390105584471658,0.1360217076808178,0.2706277503842576,0.49174889984629694,0.5631774712748684,0.13743737265819578,0.3070498685872325,0.0,0.5555127587545722,0.3873445500592026,0.3873445500592026
5,1,random_far_1,B1,B1 方向纵坡代价,645,635,557,649,True,6125.314924874233,3882.6026424857178,1.5776311636548743,1.5129189725491046,118,3882.60264248572,0.11108029588666218,0.4306310586091887,0.7581035744033742,2.0520320568838732,2.0540667152504453,1.0223804176055031,2.7621069696846807,1.224947454252286,8.900122457872856,8.900122457872856,0.6065487349909426,0.9925822177626789,0.058069567672104964,0.23153274601445706,0.9925822177626789,0.9925822177626789,0.0,0.010490328242749739,0.0,0.9895096717572497,0.3610585491491978,0.3610585491491978
5,1,random_far_1,V9常数附着,V9 常数附着车辆能力利用率,645,635,557,649,True,5910.136300156045,3136.689394738716,1.8841955821540164,1.2222618004647452,95,3136.6893947387166,0.28493041633533767,0.6611106716424547,0.36427377004853795,0.9140197701851911,1.249522499696908,1.3230805404306512,3.78022617339973,0.7627455289319462,1.9490914680538547,3.78022617339973,0.03134845871344128,0.6162120838763447,0.23084882833762888,0.33657410733443516,0.5971960549704448,0.6636961781785073,0.15674229356720637,0.32962022272313435,0.0,0.5136374837096597,0.3786807549560878,0.3786807549560878
5,1,random_far_1,V10空间附着,V10 空间附着车辆能力利用率,645,635,557,649,True,6548.661906333807,3279.843097616749,1.9966387755232247,1.2780439582124603,95,3279.8430976167506,0.2711739743868827,0.6271275814540633,0.35479614110070584,0.8666531330021535,1.2284447837323964,1.4246015428870424,3.352001726936959,0.9141398912330494,2.322609997423302,3.352001726936959,0.07237862454580543,0.5657282527251675,0.16959366653209051,0.2888904517559231,0.5651042062978687,0.6199208316511312,0.17473745700439364,0.2910210795315567,0.0,0.53424146346405,0.3862893618253546,0.3862893618253546
6,1,random_far_2,B0,B0 静态坡度代价,614,563,645,664,True,17618.22102836898,4629.714862897889,3.805465682035796,1.521549934787527,134,4629.714862897893,0.17190634159297516,0.5414221574927236,0.3096942052382247,1.1982428915570458,1.4604845953245245,1.2544998661244111,3.2452583365868923,1.3832842643342074,11.20187826594342,11.20187826594342,0.13151995014858045,0.476939013743254,0.056428849367129684,0.25895377391496355,0.5271471126389433,0.5571835529515236,0.12894323093517104,0.27912543249807265,0.0,0.591931336566756,0.30352838403506477,0.30352838403506477
6,1,random_far_2,B1,B1 方向纵坡代价,614,563,645,664,True,7625.637464345009,4412.089732511673,1.7283504929995968,1.450027710902661,131,4412.089732511676,0.15781284281367375,0.46526823213869867,0.581436947140113,1.7057973260291934,1.8202592926354528,1.6584913484356614,2.4552061952752706,1.4443410281482179,11.20187826594342,11.20187826594342,0.39733461565552924,0.7320971734750842,0.06844358956298045,0.2962530895793998,0.7320971734750842,0.7451523480803438,0.027694207478860425,0.23908866212407293,0.0,0.733217130397066,0.3415893608984703,0.3415893608984703
6,1,random_far_2,V9常数附着,V9 常数附着车辆能力利用率,614,563,645,664,True,7172.314925743107,3343.232851587094,2.1453231779348774,1.0987492487016375,103,3343.2328515870963,0.4079853450681663,0.9841424053653819,0.33546920538389874,0.9133192821935525,1.5983146744028023,2.014690822928492,4.247343294461874,0.8044431042850835,2.382042287235408,4.247343294461874,0.058823529411764705,0.5983278161914006,0.31491490532901606,0.5172290128713796,0.8184831507278292,0.8357121635992087,0.1800388336341071,0.3823529411764707,0.0,0.43760822518942244,0.3522372497973589,0.3522372497973589
6,1,random_far_2,V10空间附着,V10 空间附着车辆能力利用率,614,563,645,664,True,8381.422107608756,3343.232851587094,2.5069812602582977,1.0987492487016375,103,3343.2328515870963,0.4258589887568669,0.9906947724100497,0.30412724675883024,0.8842438700699765,1.6225661566311382,2.014690822928492,4.247343294461874,0.8044431042850835,5.370763552164655,5.370763552164655,0.058823529411764705,0.5157509972333159,0.33719017923727246,0.5294117647058824,0.7819348952243207,0.8199611663658929,0.2575693915553152,0.4239474577168559,0.0,0.31848315072782923,0.34567316395323255,0.34567316395323255
7,2,contour_cross_slope,B0,B0 静态坡度代价,394,676,504,582,True,18726.43775243185,5626.994892383455,3.3279642350092478,1.3503073781744976,162,5626.9948923834545,0.19684512083369346,0.2909940890786591,0.29466993133691666,1.0326019236080444,1.1469242063084992,1.8643407615159178,3.069007744094088,1.2281495804836422,10.12772555551049,10.12772555551049,0.06602268936511449,0.5226995345969372,0.10784674683546001,0.15463837576243578,0.444320324850764,0.5061029267560574,0.13380168046173496,0.12144516008067625,0.0,0.744753159457588,0.3033949529103691,0.3033949529103691
7,2,contour_cross_slope,B1,B1 方向纵坡代价,394,676,504,582,True,7580.191526619632,4941.576822537628,1.533962093242741,1.1858279189697791,144,4941.5768225376305,0.15509876878290538,0.2259952810246121,0.5558978157102373,1.6270099938849778,1.6382111955560483,1.4458642524823717,3.069007744094088,2.003822999736468,10.12772555551049,10.12772555551049,0.3085493557826275,0.7680451148155352,0.033969006470591354,0.11056347706875401,0.696693044725787,0.7141775250548108,0.025726743399807624,0.02572674339980762,0.0,0.9485465132003843,0.33184758050458785,0.33184758050458785
7,2,contour_cross_slope,V9常数附着,V9 常数附着车辆能力利用率,394,676,504,582,True,8946.739436927439,4948.564947341132,1.8079462494949226,1.187504856067154,143,4948.564947341132,0.239582341212762,0.39242612036901564,0.36007316991551974,1.2053229429221404,1.3497714955503628,2.8492030857740844,9.053572845077559,1.2798611417671635,7.212168198621107,9.053572845077559,0.08330477954346294,0.6186379684020133,0.1230457464840661,0.18406934867591426,0.5672571417354181,0.6268685921463227,0.1206350526027529,0.10176311123282106,0.0,0.7776018361644254,0.3153756685837021,0.3153756685837021
7,2,contour_cross_slope,V10空间附着,V10 空间附着车辆能力利用率,394,676,504,582,True,10442.574878640704,5159.20195292385,2.024067864356935,1.2380513214886733,147,5159.201952923848,0.250951210716125,0.4090159497359403,0.3143459507736614,1.0945880107909913,1.2482140125476031,2.2552509211886105,9.053572845077559,1.2798611417671635,7.212168198621107,9.053572845077559,0.05294984773686665,0.546409756525043,0.12918673777148101,0.19003117395971855,0.5129158543531949,0.5510342993705021,0.15287050312559367,0.1324567833773929,0.0,0.7146727134970128,0.3082398195067846,0.3082398195067846
8,2,upslope_downslope,B0,B0 静态坡度代价,403,574,496,685,True,17867.620929218254,5023.036374849315,3.5571354845612206,1.2043981575691483,146,5023.036374849316,0.38378630008288384,0.2892993248611553,0.21583889337518153,0.6168863581107664,0.914921719106006,1.8944107737984326,5.677664326574063,0.9178802127825116,4.450061228936428,5.677664326574063,0.02432579008970319,0.28732835781543775,0.2096010815732925,0.12695511664607634,0.3355724604823547,0.4253432843691244,0.4047836625154429,0.12318894841005477,0.0,0.47202738907450253,0.3553634521019464,0.3553634521019464
8,2,upslope_downslope,B1,B1 方向纵坡代价,403,574,496,685,True,9420.558916957305,4878.187068567284,1.9311598314174756,1.1696669263790336,136,4878.187068567285,0.3190217238557446,0.15454956068451006,0.630152004756052,1.7086645697500715,1.7151235410644585,0.9780846413851337,1.91432292562883,1.1700990607783033,3.07826044382338,3.07826044382338,0.443703215554154,0.9012401159908562,0.12034956503428948,0.06679493932208709,0.8584803307912267,0.8928907485755953,0.020157156051158826,0.014253261733209857,0.0,0.9655895822156308,0.34658956529837176,0.34658956529837176
8,2,upslope_downslope,V9常数附着,V9 常数附着车辆能力利用率,403,574,496,685,True,8195.127464538878,4674.538187788065,1.7531416228341292,1.1208370317699452,131,4674.538187788071,0.4105458580862327,0.3125712845386391,0.2823938953676743,0.7262834814492731,0.9362215258234844,1.9561692827702675,2.473883839599231,0.8661686514989897,2.3440620520568953,2.473883839599231,0.04717465075619179,0.4169158222881339,0.2076197613428768,0.16616835542373234,0.4107547214993446,0.4876777984224216,0.3763401282724733,0.17849055700131092,0.0,0.4451693147262162,0.3703553659545644,0.3703553659545644
8,2,upslope_downslope,V10空间附着,V10 空间附着车辆能力利用率,403,574,496,685,True,8893.613251583523,4691.409013464236,1.895723273340495,1.1248822326892116,132,4691.409013464242,0.4155304248568969,0.3115895944481652,0.27655218097091444,0.7121624712065672,0.9280692852006733,1.9561692827702675,2.473883839599231,0.8661686514989897,2.3440620520568953,2.473883839599231,0.04700500549461732,0.40419193371141376,0.20687313771861143,0.16557079563962399,0.4154165468808364,0.47724227614357956,0.41330999406390984,0.17170974042856701,0.0,0.4149802655075235,0.3705468384015527,0.3705468384015527
9,2,diagonal_ne_sw,B0,B0 静态坡度代价,399,579,500,680,True,16238.662585004922,4806.610217128267,3.3784022110090697,1.168437557513067,136,4806.610217128268,0.40683252230229244,0.24063762129530514,0.17275573366116562,0.4888956617635284,0.8344124904120015,1.8944107737984326,2.549432702206276,0.9507054868823711,4.450061228936428,4.450061228936428,0.005991811196459655,0.2029429908622495,0.21903874235498702,0.11965984147592545,0.300265827191402,0.39305070950989285,0.45194078919953495,0.20748094487291124,0.0,0.340578265927554,0.365112055652167,0.365112055652167
9,2,diagonal_ne_sw,B1,B1 方向纵坡代价,399,579,500,680,True,10303.813116785765,5359.956257633897,1.9223688816696216,1.3029502945192746,149,5359.956257633896,0.32443902976081557,0.1841732743255814,0.5945349037478748,1.6192615800797936,1.7028495033167985,0.9568219317898049,2.549432702206276,1.1764380192001203,6.2914658753928805,6.2914658753928805,0.39714481991279793,0.8658273152558092,0.0737633419592724,0.08228414406976163,0.8613759821976913,0.8765737838953575,0.01834536948838139,0.06931200890115437,0.0,0.9123426216104636,0.3526400527649843,0.3526400527649843
9,2,diagonal_ne_sw,V9常数附着,V9 常数附着车辆能力利用率,399,579,500,680,True,7683.359008221576,4451.123905263514,1.726161565427532,1.082022487598631,122,4451.123905263521,0.42239694701291547,0.2995213513505366,0.2346992307662251,0.5849253144745948,0.8682741091959538,1.9561692827702675,2.549432702206276,0.8144570902154679,1.9241736205359934,2.549432702206276,0.01562079118705927,0.35751775956297915,0.20621022264863315,0.14483719334966788,0.3537275200560042,0.4253611324266225,0.3925495814440727,0.24660225264513297,0.0,0.36084816591079466,0.3757193701985765,0.3757193701985765
9,2,diagonal_ne_sw,V10空间附着,V10 空间附着车辆能力利用率,399,579,500,680,True,8148.757035977388,4569.219684996709,1.783402330759953,1.1107303582581531,129,4569.219684996713,0.42171457117940314,0.29517347121091264,0.20523979043196722,0.5275110910270169,0.8252333504597694,2.2963726362955312,2.549432702206276,0.7313119129864393,2.148305420865862,2.549432702206276,0.015217057148763305,0.30587053426858646,0.20565424567766755,0.1930480227768191,0.3221690343719443,0.38195582001240297,0.42022243705367424,0.20196196847515824,0.0,0.37781559447116786,0.36965606471826845,0.36965606471826845
10,2,diagonal_nw_se,B0,B0 静态坡度代价,399,680,500,579,True,20185.68792294156,5338.991883223391,3.7808051340873265,1.2978540705018347,152,5338.99188322339,0.21362749368332082,0.35957575384550483,0.3208222533852402,1.179864136453284,1.3591376628927303,1.8643407615159178,3.204991660807911,1.2281495804836422,11.969130201966944,11.969130201966944,0.11535660781003765,0.5585244279831486,0.11312220185835939,0.18455741754205948,0.49340906670086954,0.540107022574304,0.11088779590668114,0.1495736492224349,0.0,0.7395385548708829,0.309118357393638,0.309118357393638
10,2,diagonal_nw_se,B1,B1 方向纵坡代价,399,680,500,579,True,8899.388341589924,5141.132154582508,1.7310172300584656,1.2497564034100612,153,5141.1321545825085,0.2117420634093659,0.28082932500805446,0.6274193478359337,1.8719592752617082,1.8848068302784335,1.5937106509732843,3.069007744094088,2.139087345485335,10.12772555551049,10.12772555551049,0.39684472684577,0.7714466094067263,0.12403885947924334,0.15861162489122432,0.7299126485530741,0.752320398480557,0.024728148408039923,0.02472814840803992,0.0,0.9505437031839199,0.33255226995880593,0.33255226995880593
10,2,diagonal_nw_se,V9常数附着,V9 常数附着车辆能力利用率,399,680,500,579,True,8899.040777191534,4857.222694156779,1.8321253394243273,1.180740930652862,139,4857.222694156779,0.2603127686231776,0.4137672572200388,0.36727812986293235,1.1663071074974498,1.3480781491840148,2.8492030857740844,9.053572845077559,1.2798611417671635,5.370763552164655,9.053572845077559,0.137639817291868,0.6114662842033398,0.1435691935485204,0.1910042036017398,0.5912221273714641,0.6400958453537865,0.11697427266370486,0.13925306976121166,0.0,0.7437726575750827,0.3207794860334548,0.3207794860334548
10,2,diagonal_nw_se,V10空间附着,V10 空间附着车辆能力利用率,399,680,500,579,True,10392.069585464462,4962.5411969481365,2.09410243120105,1.2063427765699601,141,4962.5411969481365,0.24431748071811232,0.43351798293811666,0.34420438809077675,1.1189921702184407,1.2976594434228834,1.7648048964123062,9.053572845077559,1.2798611417671635,5.370763552164655,9.053572845077559,0.13131909492141877,0.5810787044688988,0.13231482477840675,0.20916900524266877,0.5438535664993679,0.5892861479014874,0.12269920667760582,0.16431970888631298,0.0,0.7129810844360803,0.31369238703169405,0.31369238703169405
11,2,random_far_1,B0,B0 静态坡度代价,415,544,450,700,True,20934.896291426787,5608.077292340116,3.7329899714508312,1.2179460323560034,163,5608.077292340116,0.3127099268088388,0.34065110823419403,0.31791619022708956,1.0525767887184323,1.2879556430338543,1.6797540580309904,6.4449162625975855,1.3445005933715661,5.370763552164655,6.4449162625975855,0.09617731047240212,0.5428775641182305,0.18348087104223343,0.1503894793291859,0.5398692557806808,0.5882159830724435,0.22067547809596552,0.11371101638657734,0.0,0.6656135055174567,0.3207527299831979,0.3207527299831979
11,2,random_far_1,B1,B1 方向纵坡代价,415,544,450,700,True,10438.030568881157,5497.466268149258,1.898698429375749,1.1939238495248043,172,5497.466268149254,0.28497490958866145,0.18943605878623326,0.7114575689172672,2.001745958270447,2.0181991034600797,1.2930105281481368,2.1647755582592083,1.4443410281482179,9.513924006691676,9.513924006691676,0.5232024306349775,0.8843733888460389,0.11996660149058297,0.06937596669237667,0.8695557349781763,0.8948510523772796,0.02836415399641255,0.005238831765620324,0.0,0.9663970142379679,0.34675133433480587,0.34675133433480587
11,2,random_far_1,V9常数附着,V9 常数附着车辆能力利用率,415,544,450,700,True,9603.871291849948,5070.40310484549,1.8941040965110023,1.101175504914492,158,5070.40310484549,0.3906198489685696,0.35484823326999027,0.3446707640110431,1.0615251763462756,1.3208244693901814,1.9136438635796094,3.836259680117611,0.8958570934083881,7.058717811416403,7.058717811416403,0.07659749205027439,0.6035360758474878,0.2601419774174271,0.16650424202526712,0.6550604768091324,0.7189195878470981,0.23133790091163017,0.20058472870903843,0.0,0.5680773703793314,0.340898918854007,0.340898918854007
11,2,random_far_1,V10空间附着,V10 空间附着车辆能力利用率,415,544,450,700,True,10950.909223497669,5118.121005804835,2.139634684501879,1.111538740853692,158,5118.121005804835,0.402206665081847,0.37002980573351596,0.33559315138184553,1.0340425013278014,1.3003016450531037,1.9136438635796094,3.836259680117611,0.8958570934083881,7.058717811416403,7.058717811416403,0.07355251777914054,0.5810277417713602,0.2736324992553443,0.20104544329915197,0.6287754711935228,0.6920392030420545,0.24509697249043272,0.2371390175867389,0.0,0.5177640099228284,0.3419740200999759,0.3419740200999759
12,2,random_far_2,B0,B0 静态坡度代价,421,712,376,592,True,18714.821088607103,5148.968081088009,3.6346741315693967,1.3949880427623491,157,5148.968081088009,0.20435567810963248,0.5541764335746843,0.26087348575752023,0.760041054968661,1.1189464611776756,2.275109926700202,2.870100602066185,1.732337302997979,5.370763552164655,5.370763552164655,0.03819420763124169,0.4112663267264203,0.14622374050363363,0.3367972670934594,0.5281658168160506,0.5966439526760569,0.16300397712334921,0.3769108303542239,0.0,0.4600851925224272,0.3534373258921122,0.3534373258921122
12,2,random_far_2,B1,B1 方向纵坡代价,421,712,376,592,True,8731.346950475954,5671.467046310462,1.5395217638011451,1.5365464671616331,171,5671.467046310462,0.10841604660683993,0.4422699780160827,0.6480368343794651,1.7470202415898048,1.825332246938947,1.4883896716730296,5.370763552164655,1.4626238259728788,4.910412390550541,5.370763552164655,0.47109345951086734,0.849909777560618,0.03467546480828941,0.29684487052227604,0.849909777560618,0.8765324535191711,0.03170078020932916,0.08371397742176329,0.0,0.884585242368907,0.3513808112968312,0.3513808112968312
12,2,random_far_2,V9常数附着,V9 常数附着车辆能力利用率,421,712,376,592,True,8646.19023861423,4098.180998504764,2.1097629025581894,1.1103027635747145,123,4098.180998504769,0.36114495993322426,0.92092496505302,0.33303014315424395,0.8425176428238331,1.4722325153789657,2.083745540342241,3.381518026122952,0.8403128708572286,2.0894950047298035,3.381518026122952,0.07368616927296455,0.597430115877513,0.24164181744129165,0.5108945259921128,0.7869679433462315,0.834955271394325,0.2375251555168121,0.4839899424054143,0.0,0.27848490207777393,0.37517252789313776,0.37517252789313776
12,2,random_far_2,V10空间附着,V10 空间附着车辆能力利用率,421,712,376,592,True,9716.93152580417,4098.180998504764,2.3710352298615964,1.1103027635747145,123,4098.180998504769,0.3917862818702152,0.9222596855705975,0.3222374996260971,0.8149276679162419,1.4916563638061102,2.253847217104873,3.381518026122952,0.8403128708572286,2.0894950047298035,3.381518026122952,0.07368616927296455,0.5904025343903814,0.26442973910351075,0.5108945259921128,0.8027282835213191,0.8577431930565441,0.2615188195408588,0.4839899424054143,0.0,0.2544912380537272,0.37539260354877146,0.37539260354877146
13,3,contour_cross_slope,B0,B0 静态坡度代价,300,769,419,850,True,22167.422651112705,5389.604360251903,4.11299627382605,1.3000020152942866,155,5389.6043602519,0.3443466928264121,0.555077896037355,0.22685325333119255,0.5356779206738372,1.0488943948221108,2.976779343346059,2.513395384675092,0.7313119129864393,1.7168336363635324,2.976779343346059,0.010687352536823486,0.28641025240590023,0.1953452956055571,0.3562578072749664,0.5044268463666148,0.594732276407531,0.29320782509819254,0.3754190891653062,0.0,0.33137308573650176,0.40121521356816786,0.40121521356816786
13,3,contour_cross_slope,B1,B1 方向纵坡代价,300,769,419,850,True,12761.129692201981,6439.1924701699745,1.9817903799768122,1.5531684013439373,196,6439.19247016997,0.2155920523098312,0.4220599702626324,0.7247513366366566,1.9003576953596395,1.9364805155179186,1.984620810645977,1.8700446800444626,1.4991894216222008,6.905267424211701,6.905267424211701,0.5455870588259083,0.9389175717648582,0.0834457145085574,0.3038773678452878,0.9184069207861789,0.9470954996090135,0.01974326431346857,0.041339163921673305,0.0,0.9389175717648588,0.36763320431369884,0.36763320431369884
13,3,contour_cross_slope,V9常数附着,V9 常数附着车辆能力利用率,300,769,419,850,True,8972.575119819254,4427.264954783843,2.0266632359836554,1.0678804934007737,122,4427.264954783849,0.4172400346350843,0.7169305102130114,0.3431231230222766,0.9048752673542239,1.3862047783951257,1.9349065731749384,4.878129885080239,0.7498176386110657,6.905267424211701,6.905267424211701,0.04711491933414942,0.5436311572826098,0.2793411617816001,0.42830725071792025,0.6860920333594901,0.7872893961308681,0.2939300168185512,0.3784977839912672,0.0,0.3275721991901818,0.3850571398675276,0.3850571398675276
13,3,contour_cross_slope,V10空间附着,V10 空间附着车辆能力利用率,300,769,419,850,True,9952.566424474133,4427.264954783843,2.2480168966892244,1.0678804934007737,122,4427.264954783849,0.4125453507010749,0.7181774516906992,0.33812791637862466,0.8891068854252748,1.3805066331655855,1.9349065731749384,4.878129885080239,0.7498176386110657,6.905267424211701,6.905267424211701,0.04711491933414942,0.5344313970306662,0.2793411617816001,0.42830725071792025,0.6795868205000505,0.7872893961308681,0.3031297770704947,0.3784977839912672,0.0,0.31837243893823836,0.38617895822501663,0.38617895822501663
14,3,upslope_downslope,B0,B0 静态坡度代价,400,750,319,869,True,21122.532202270257,5433.228712476909,3.88765747220696,1.3105244473723556,159,5433.228712476909,0.20354645409599598,0.36244899194725455,0.35896546889383246,1.1813826937489347,1.311902341703704,1.8923811539842799,3.83625968011761,1.150582238558359,4.450061228936428,4.450061228936428,0.13236323358644572,0.6204755089840941,0.07988827842098879,0.19506301645651794,0.5396777620503981,0.5895803518054116,0.09397165424126934,0.12267116020202298,0.0,0.7833571855567071,0.30868298293283974,0.30868298293283974
14,3,upslope_downslope,B1,B1 方向纵坡代价,400,750,319,869,True,7638.165644977755,4768.775017041591,1.601703921380684,1.1502545860990363,138,4768.775017041591,0.17107033274512445,0.2693365782999437,0.6882242568131861,1.8965170437401553,1.926816710770142,1.4033388332917138,2.401536712073504,1.5901305094682938,4.450061228936428,4.450061228936428,0.49969650737780436,0.8516956150309072,0.014580280433314231,0.12621936262792688,0.8189972849015474,0.8250366348002293,0.040203072037211456,0.052281771834575094,0.0,0.9075151561282129,0.3419053218067597,0.3419053218067597
14,3,upslope_downslope,V9常数附着,V9 常数附着车辆能力利用率,400,750,319,869,True,9176.81760043838,4545.3607345170385,2.0189415398321406,1.0963658406338923,129,4545.360734517041,0.30313246747861095,0.4528975982424158,0.46800736908519147,1.358797719588452,1.51793478754838,2.8704657953694137,2.9778460846652854,1.188381858602964,3.83625968011761,3.83625968011761,0.26267239394105724,0.7003975437681793,0.16826625926129216,0.2357901868722906,0.6840134915756537,0.7093582794577681,0.1481705488172983,0.1545067457878269,0.0,0.6973227053948745,0.3310813580532547,0.3310813580532547
14,3,upslope_downslope,V10空间附着,V10 空间附着车辆能力利用率,400,750,319,869,True,10750.728125314785,4616.937585956055,2.3285409267859034,1.1136305682278844,129,4616.937585956059,0.3027472157169394,0.48513079140468807,0.45915513873258484,1.3395214432356581,1.5006593711949914,1.8923811539842799,2.9778460846652854,1.150582238558359,3.83625968011761,3.83625968011761,0.23623214235226261,0.7226859440110528,0.17599301130284323,0.2622542732265923,0.7065558954406079,0.7315077605068476,0.1936366442944331,0.14435986135698856,0.0,0.6620034943485779,0.33255321451381853,0.33255321451381853
15,3,diagonal_ne_sw,B0,B0 静态坡度代价,309,759,410,860,True,20760.7260764051,5162.096528993014,4.021762467982163,1.2548526274275011,150,5162.0965289930145,0.3258019918438949,0.5774291914283136,0.20961646225280753,0.5251156546718123,1.0374437097854519,1.7648048964123066,2.915557356889384,1.1117985675957185,2.8735003287520615,2.915557356889384,0.019048535306455682,0.2559176212504575,0.15318128365015934,0.36558688339381723,0.5285728029596836,0.5736027981156564,0.31345972776908165,0.3846354187002731,0.0,0.30190485353064567,0.3824207304951927,0.3824207304951927
15,3,diagonal_ne_sw,B1,B1 方向纵坡代价,309,759,410,860,True,13257.567658566815,6433.403318031642,2.060739394560932,1.5638942456017244,190,6433.403318031637,0.2464780199833586,0.3831675722410767,0.6518237115491884,1.6123715484952574,1.693470140495857,1.084398189361779,2.0324876991881644,1.641842070751816,4.243424904087345,4.243424904087345,0.3966249823162988,0.8181239730918037,0.10359998228844267,0.2545891643153396,0.7830785941926148,0.8531693519909926,0.03056869688622007,0.1438901204051626,0.0,0.8255411827086175,0.3859919838967916,0.3859919838967916
15,3,diagonal_ne_sw,V9常数附着,V9 常数附着车辆能力利用率,309,759,410,860,True,8831.594263864878,4525.595332771698,1.9514767924369352,1.1001257264575046,125,4525.595332771704,0.38655053843339604,0.6495799557733757,0.32938501210557203,0.8366191451297391,1.2552206004248994,1.9349065731749384,4.878129885080239,0.7498176386110657,4.143160454527019,4.878129885080239,0.039727354542198695,0.5498190934702141,0.2504522663244648,0.37663780124149143,0.6266378012414915,0.7240922531932643,0.29917949230035135,0.28072748310851103,0.0,0.42009302459113795,0.38919952885062076,0.38919952885062076
15,3,diagonal_ne_sw,V10空间附着,V10 空间附着车辆能力利用率,309,759,410,860,True,9645.005776070955,4525.595332771698,2.131212595661724,1.1001257264575046,125,4525.595332771704,0.38368011364304905,0.6513378993868778,0.3229857978117513,0.8170861862442471,1.2478449735178911,1.9349065731749384,4.878129885080239,0.7498176386110657,4.143160454527019,4.878129885080239,0.039727354542198695,0.5408192220365263,0.2594521377581526,0.37663780124149143,0.6202739311209238,0.7240922531932643,0.3235431052882946,0.28072748310851103,0.0,0.3957294116031947,0.39042109785956014,0.39042109785956014
16,3,diagonal_nw_se,B0,B0 静态坡度代价,309,860,410,759,True,20485.896908374212,5277.297732657041,3.8818914425849282,1.2828568563853844,154,5277.297732657041,0.22367368359931059,0.46116404342323375,0.2869570950395525,0.8735556096042718,1.1931339196533874,1.3230805404306516,4.369904342975534,1.150582238558359,3.83625968011761,4.369904342975534,0.06267972292640259,0.5042468065249381,0.12949265516133557,0.21212927802529985,0.4487365104535989,0.5232673654245941,0.16995495091745774,0.25297941893832915,0.0,0.5770656301442131,0.34127136437017014,0.34127136437017014
16,3,diagonal_nw_se,B1,B1 方向纵坡代价,309,860,410,759,True,9863.0016662788,5626.994892383458,1.75280089193418,1.3678646428965429,162,5626.9948923834545,0.19284357811150737,0.34886319006078703,0.6920859994181757,1.8119354876040694,1.866410559307037,1.5937106509732843,2.608656582479975,1.4349958256177293,3.8897667495681683,3.8897667495681683,0.5265758800583537,0.8721947087295923,0.06390264563520394,0.2356520381058679,0.8342469967206632,0.8517217554272959,0.046427886928571194,0.07538101515050964,0.0,0.8781910979209195,0.3563666873261009,0.3563666873261009
16,3,diagonal_nw_se,V9常数附着,V9 常数附着车辆能力利用率,309,860,410,759,True,8883.314284793818,4559.33698412404,1.948378528660241,1.108327975217368,127,4559.336984124046,0.29992389572622224,0.560451740907503,0.363210704543749,1.0642140772109734,1.365168572243295,2.2325845075095443,3.7422329862817536,1.150582238558359,3.83625968011761,3.83625968011761,0.13616658417047994,0.5725499257534319,0.16666666666666666,0.2786499422526693,0.6198327558600263,0.650332838356213,0.14095065171987503,0.3263816916592179,0.0,0.5326676566209072,0.33879229110825154,0.33879229110825154
16,3,diagonal_nw_se,V10空间附着,V10 空间附着车辆能力利用率,309,860,410,759,True,10248.348417397487,4616.937585956053,2.2197286029101275,1.1223300896963098,129,4616.937585956059,0.2901796423259636,0.5594446101430484,0.3542314607311,1.034782446090954,1.3437918334515133,2.3601607650815186,3.7422329862817536,1.150582238558359,3.83625968011761,3.83625968011761,0.12822981278654372,0.5580985994332394,0.16824146061513828,0.2715194083354423,0.602207681912214,0.6297433972076887,0.14908424320240346,0.32230977569403196,0.0,0.5286059811035646,0.33988756474553505,0.33988756474553505
17,3,random_far_1,B0,B0 静态坡度代价,380,777,336,853,True,12855.028852040232,3140.7829434730506,4.092937679362603,1.2418163909026596,91,3140.782943473052,0.17040454824298026,0.4850293995354145,0.3710079128863611,1.3072397838938545,1.4761651685898909,1.8923811539842799,3.83625968011761,1.150582238558359,4.450061228936428,4.450061228936428,0.13662514901345757,0.6464466094067263,0.04807388224560707,0.26408051411177474,0.6059692248844828,0.633478576629904,0.09614776449121414,0.16793274962056062,0.0,0.7359194858882255,0.30299119947290953,0.30299119947290953
17,3,random_far_1,B1,B1 方向纵坡代价,380,777,336,853,True,4126.438694366806,2828.920983833314,1.4586617010331966,1.1185110558477631,81,2828.9209838333145,0.122453105934537,0.3222219743334873,0.6501558142616632,1.8151193440803797,1.837165240197926,0.8930338030038173,1.4942917497409938,1.4443410281482179,4.450061228936428,4.450061228936428,0.46524103057321387,0.8423495156295324,0.01439763655068656,0.15415703194491537,0.8363858193041193,0.8465664857421691,0.03897593953942288,0.01439763655068656,0.0,0.9466264239098906,0.34091919934926784,0.34091919934926784
17,3,random_far_1,V9常数附着,V9 常数附着车辆能力利用率,380,777,336,853,True,5582.396809369198,2977.86383884968,1.8746313167648472,1.1774007282625767,87,2977.8638388496815,0.1666404450851833,0.4510998342926623,0.4125243465241724,1.4034264815638136,1.5227059672308554,0.9923104053229885,2.6086565824799757,1.150582238558359,4.450061228936428,4.450061228936428,0.18679182349373774,0.6521120214568243,0.06203483125247096,0.2551793965326316,0.6287630435201071,0.6577774335069223,0.10140801430454954,0.11273883840474572,0.0,0.7858531472907049,0.3062858350779887,0.3062858350779887
17,3,random_far_1,V10空间附着,V10 空间附着车辆能力利用率,380,777,336,853,True,6441.973006713722,3059.323391161364,2.10568553338464,1.2096085595826174,89,3059.323391161367,0.32242519246307,0.639429990699784,0.33544871614835686,0.9224826263610173,1.2480663132002194,1.7860676060076355,2.3783001704539704,0.7627455289319462,5.984565100983471,5.984565100983471,0.026626656255768405,0.6110750369952707,0.19123212641757031,0.3698199531509578,0.6032762699382793,0.6354174872649405,0.25484553262719145,0.30325331251153687,0.0,0.4419011548612717,0.36919684980616757,0.36919684980616757
18,3,random_far_2,B0,B0 静态坡度代价,323,857,293,795,True,12304.152508224171,2224.9624662991764,5.530049470313047,1.1216395731937787,65,2224.962466299176,0.45773620387426184,0.6186706802692262,0.3242183268570894,1.1817747860730703,1.6924971623242329,1.6372286388403323,5.960328096054528,1.16351012887924,9.360473619486969,9.360473619486969,0.06786165235168155,0.5388325214724776,0.22633252147247762,0.2888325214724776,0.7316941738241591,0.75,0.3339466094067263,0.2575825214724776,0.0,0.40847086912079617,0.3342955341281918,0.3342955341281918
18,3,random_far_2,B1,B1 方向纵坡代价,323,857,293,795,True,5409.330829241074,2781.2030828739676,1.9449607483000917,1.4020494664922218,81,2781.20308287397,0.25253337506260304,0.28594780367951844,0.7438562372096376,1.9961959215475444,2.0052138174345644,1.3182879949103978,1.9272621383233608,1.279861141767164,7.519068973030517,7.519068973030517,0.5560660171779821,0.9585786437626904,0.09393398282201788,0.18535533905932738,0.9439339828220179,0.9439339828220179,0.02071067811865475,0.014644660940672625,0.0,0.9646446609406719,0.36640034889799145,0.36640034889799145
18,3,random_far_2,V9常数附着,V9 常数附着车辆能力利用率,323,857,293,795,True,4578.220295009409,2201.1035158195045,2.0799659180521854,1.1096118902830718,65,2201.1035158195036,0.4552222933822535,0.5293761315126287,0.3959106758847116,1.365004638049237,1.6598973700024975,1.5947032196496744,2.9155573568893836,1.16351012887924,9.360473619486969,9.360473619486969,0.10785068963154612,0.6100956319528955,0.21794632158444166,0.2865435630582571,0.7418703447015793,0.7418703447015793,0.31906218425193966,0.2026168965438487,0.0,0.4783209192042118,0.33576274145945156,0.33576274145945156
18,3,random_far_2,V10空间附着,V10 空间附着车辆能力利用率,323,857,293,795,True,5174.226872130446,2210.9862166921725,2.340234793445044,1.1145939196686097,67,2210.9862166921716,0.5166416221816781,0.5662794419349823,0.3579419729834137,1.0215482450936024,1.433574687475875,1.5947032196496744,2.822320448137235,1.3315727030506854,6.905267424211701,6.905267424211701,0.04447353730452766,0.5997381642592511,0.3742098407544624,0.30591921630659574,0.7223676865226384,0.7353936840157816,0.3557882984362214,0.24078922884087942,0.0,0.40342247272289944,0.3615677684004107,0.3615677684004107
19,4,contour_cross_slope,B0,B0 静态坡度代价,665,672,774,767,True,17127.76544308688,4643.6911125048955,3.68839464730199,1.1151436746038002,132,4643.691112504897,0.2864563955011543,0.6085008320226659,0.14922179083245968,0.36123408179706035,0.9274092656905751,1.552177800459016,2.566875826953667,0.49125983219345687,1.2488377354466254,2.566875826953667,0.0,0.10481113573473744,0.16620807756041928,0.43465832686748657,0.3375540830970175,0.40772201661208246,0.38052751246821326,0.49711936841828297,0.0,0.12235311911350369,0.3975421551248191,0.3975421551248191
19,4,contour_cross_slope,B1,B1 方向纵坡代价,665,672,774,767,True,9900.410153439969,6383.989813668301,1.5508186012833092,1.5330618869710178,180,6383.989813668296,0.1268381959824385,0.36565036480266533,0.7193061662748385,2.019579746702448,2.032736139947525,1.2332371565290816,1.8179036415076124,1.4479237159386096,9.360473619486969,9.360473619486969,0.5752385130696238,0.9737060271148442,0.025519950591800226,0.21750579302255205,0.9237607587560863,0.9590773967007459,0.012759975295900113,0.0308053054149077,0.0,0.9564347192891929,0.35236298959670764,0.35236298959670764
19,4,contour_cross_slope,V9常数附着,V9 常数附着车辆能力利用率,665,672,774,767,True,8011.138332935037,4356.887076009994,1.8387298530288234,1.0462700782771908,115,4356.887076010001,0.3074996606432477,0.7045932216025323,0.20110214381620897,0.5133734155774555,1.0781335884179455,1.5636406386907695,5.831114713778768,0.7678775086357614,2.455206195275271,5.831114713778768,0.006610293178032421,0.21728071807727473,0.18149117910150922,0.41473055662045216,0.4097241895211975,0.4564660208393765,0.3333333333333335,0.46147238793863127,0.0,0.20519427872803558,0.3901482706186091,0.3901482706186091
19,4,contour_cross_slope,V10空间附着,V10 空间附着车辆能力利用率,665,672,774,767,True,8724.249282389259,4441.241204390848,1.9643718683335643,1.0665270183732525,120,4441.2412043908525,0.30185420269696545,0.6406992874348486,0.1938443195137517,0.4672208993714084,0.988855375459111,1.5636406386907695,3.836438700627538,0.8775742955837272,2.1989156946870576,3.836438700627538,0.0064847414473983055,0.19861088043348435,0.18452879180328008,0.41936205306515895,0.3545146385911759,0.4408505959131215,0.34914250287918536,0.49004245963631266,0.0,0.16081503748450224,0.3979284598777892,0.3979284598777892
20,4,upslope_downslope,B0,B0 静态坡度代价,767,665,672,774,True,15929.483795857148,4948.564947341134,3.2190107567277795,1.1883565822311648,143,4948.564947341132,0.5108406530314479,0.13875584272830874,0.15503150371362656,0.4506796606353607,0.7756904025660706,1.5734405100543454,2.588971945418631,0.6033323282138126,5.21731316495995,5.21731316495995,0.0,0.1686066432876654,0.3516774498632099,0.07266346191784043,0.24950072894981515,0.3081136372603501,0.6041738051141341,0.09594318136982495,0.0,0.29988301351604085,0.356875109592174,0.356875109592174
20,4,upslope_downslope,B1,B1 方向纵坡代价,767,665,672,774,True,12498.208876338675,6280.366914280942,1.9900443790822102,1.5081777122926576,188,6280.366914280935,0.37631293761836315,0.0766571696291502,0.49013247211156846,1.22242404309724,1.282230636622287,1.5937106509732848,1.518387517193086,1.5642747288265337,4.153804264300107,4.153804264300107,0.17602365012023477,0.7667217554417503,0.11876905568221983,0.043497292686814334,0.6204380962571292,0.6746805099895358,0.12984007717202242,0.028627297219007482,0.0,0.8415326256089704,0.38038051465669465,0.38038051465669465
20,4,upslope_downslope,V9常数附着,V9 常数附着车辆能力利用率,767,665,672,774,True,7746.811349121452,4542.466158447873,1.7054197167136365,1.0908353464885265,126,4542.4661584478745,0.5511718416103292,0.16865253250142767,0.19937762972364387,0.532928500835446,0.8649805769278849,2.0199574115562546,3.742971667234091,1.4091400449759683,3.7418567339562947,3.742971667234091,0.00896644570044739,0.22896297819947914,0.3323957165926948,0.08703824586195381,0.34924079572070243,0.4310266192976161,0.4734192757367287,0.07281937787646628,0.0,0.4537613463868054,0.364423024764021,0.364423024764021
20,4,upslope_downslope,V10空间附着,V10 空间附着车辆能力利用率,767,665,672,774,True,8060.313978696484,4728.045240885749,1.7047878283809461,1.1354006146998619,137,4728.045240885749,0.5278894516068918,0.15835785472630606,0.16426690669444635,0.4160555826985771,0.7542758332823561,1.7222794772216485,3.007957244564948,0.6033323282138126,1.470196278682509,3.007957244564948,0.0,0.1613318051246638,0.38487607169490895,0.07605254228314426,0.23529411764705882,0.3235294117647059,0.6247835496211552,0.10546430698902662,0.0,0.269752143389818,0.3690655866037312,0.3690655866037312
21,4,diagonal_ne_sw,B0,B0 静态坡度代价,669,669,770,770,True,16104.904920821462,4860.117270225944,3.3136864864317883,1.1814445723545,142,4860.1172702259455,0.24340785082857608,0.5822366825452812,0.15622775575361555,0.43629053126062467,0.9267892436385372,1.5947032196496744,2.4633506990198266,0.5171156128352177,3.6828092929129057,3.6828092929129057,0.0,0.1632946500217787,0.12773958089728293,0.4232618056032703,0.34724253674011907,0.41284796696226195,0.319225604122318,0.49724764598657545,0.0,0.18352674989110646,0.3875328005689904,0.3875328005689904
21,4,diagonal_ne_sw,B1,B1 方向纵坡代价,669,669,770,770,True,9468.503320663376,6091.893255773898,1.5542792565659496,1.4808766583655832,174,6091.893255773894,0.12140490033208177,0.3812564612762381,0.7168881940868111,1.9916863860179403,2.0018944915959485,1.2332371565290816,1.8179036415076124,1.4479237159386096,9.360473619486969,9.360473619486969,0.567432538081791,0.9763617813815849,0.020057693616301817,0.22320720489726828,0.9192940734026666,0.961031731488966,0.0,0.0322823706389334,0.0,0.967717629361067,0.35284185188942535,0.35284185188942535
21,4,diagonal_ne_sw,V9常数附着,V9 常数附着车辆能力利用率,669,669,770,770,True,7868.724927825609,4349.898951206493,1.808944303325283,1.0574157413190417,116,4349.898951206499,0.2785282029275383,0.8176988179201391,0.17818384401318368,0.4664166833871164,1.1592904988157682,1.5947032196496744,16.87954259251749,0.5484839347398296,4.603511616141135,16.87954259251749,0.0,0.13610179200371902,0.16305597630693686,0.40991187880165614,0.4010190281348732,0.4665627192157478,0.3416257159131257,0.48481895432265576,0.0,0.1735553297642188,0.38837685660007687,0.38837685660007687
21,4,diagonal_ne_sw,V10空间附着,V10 空间附着车辆能力利用率,669,669,770,770,True,8661.694839426695,4434.253079587346,1.9533605060342556,1.0779213632187001,121,4434.253079587351,0.2763545341770431,0.7786028436098869,0.18750002756236314,0.4910276655216824,1.1030806847721915,1.5947032196496744,16.87954259251749,0.5300435031560982,4.603511616141135,16.87954259251749,0.0,0.17405839467008247,0.15995411348769958,0.42651790427869213,0.35776363397335204,0.4350503897745803,0.35730205130532855,0.49730969905737854,0.0,0.1453882496372931,0.3915476479915776,0.3915476479915776
22,4,diagonal_nw_se,B0,B0 静态坡度代价,669,770,770,669,True,15750.66026377729,4833.363743677105,3.2587367926492066,1.1749410649337835,139,4833.363743677107,0.08188367973789068,0.8802519111180453,0.16003390329766867,0.46484665272153824,1.0972794074069827,2.5727878610348083,8.439771296258742,0.7886013095737069,5.21731316495995,8.439771296258742,0.00842679721945704,0.1810521093436857,0.048092631554847214,0.5010223419337719,0.44288169718627485,0.49548716437056095,0.048092631554847214,0.717826324022829,0.0,0.234081044422323,0.3579644486331174,0.3579644486331174
22,4,diagonal_nw_se,B1,B1 方向纵坡代价,669,770,770,669,True,9810.405672675484,5992.363905120875,1.637151185743549,1.4566820958517623,178,5992.363905120869,0.05014895946754736,0.6042629022522016,0.5005085300411523,1.233550152638293,1.353589014137481,1.4132905772781954,2.145095540410792,1.5642747288265337,4.153804264300107,4.153804264300107,0.18729902786162944,0.7767254607321251,0.023206226515192517,0.37027493295284397,0.6703066619102575,0.7407499493258797,0.011603113257596259,0.21132986224686667,0.0,0.7770670244955372,0.38686974785852907,0.38686974785852907
22,4,diagonal_nw_se,V9常数附着,V9 常数附着车辆能力利用率,669,770,770,669,True,7927.369323359902,4484.865556615857,1.767582377506463,1.090224736358495,124,4484.865556615861,0.0928808708400028,0.8529051567045768,0.22577171801765342,0.5716385258142356,1.0371326887588566,2.225180908906095,2.9599996644443087,0.859291497759066,2.281778655560091,2.9599996644443087,0.012843328546837571,0.34794995550354213,0.0465098069456832,0.5461871020582539,0.48307224272737126,0.5205004449645788,0.03366647839884562,0.6739749777517704,0.0,0.2923585438493834,0.36439218650734134,0.36439218650734134
22,4,diagonal_nw_se,V10空间附着,V10 空间附着车辆能力利用率,669,770,770,669,True,8943.107487285155,4653.573813377563,1.9217719210935325,1.131235980157812,134,4653.573813377565,0.08504723997420295,0.8177330414327927,0.1886204059048712,0.47857498171782165,0.9719591319495205,2.225180908906095,2.510143425352762,0.859291497759066,2.281778655560091,2.510143425352762,0.012377713160244585,0.2040500842162477,0.03607129956274872,0.4956238175444046,0.4074781570096089,0.45336366140153356,0.03863480789381735,0.7331816929923315,0.0,0.22818349911385044,0.3706846153756075,0.3706846153756075
23,4,random_far_1,B0,B0 静态坡度代价,799,650,764,721,True,14169.290062629856,2862.662635185654,4.9496891070822695,1.2556770268086053,83,2862.6626351856553,0.2740871400023761,1.253692377599584,0.22274791928146467,0.6900042306234647,1.7194801824360693,1.683920687820829,16.572641818108078,0.6398979238631345,3.375908518503494,16.572641818108078,0.0,0.4045717247665315,0.20436949513363042,0.45386392105137774,0.6498988851835494,0.7127040261350891,0.21443016402350082,0.43546872116004876,0.0,0.3501011148164507,0.32097209267733484,0.32097209267733484
23,4,random_far_1,B1,B1 方向纵坡代价,799,650,764,721,True,8119.637037836634,3624.2477359436593,2.24036479551597,1.589738366495433,114,3624.24773594366,0.20311017501404496,0.6462913170372827,0.6799354097636883,1.8328824715920087,1.9124889494012183,1.0843981893617787,2.363204355689731,1.615986290110055,4.295965369957867,4.295965369957867,0.3825643536869421,0.906004697974366,0.11045316598664989,0.43546344323813096,0.9092962707665693,0.9251893901195197,0.039732798382376144,0.11317999417078754,0.0,0.8470872074468362,0.35165928589025885,0.35165928589025885
23,4,random_far_1,V9常数附着,V9 常数附着车辆能力利用率,799,650,764,721,True,5345.645116306684,2486.2119489104016,2.150116412500329,1.0905508702464954,72,2486.2119489104025,0.3030482177183898,1.6413679067203832,0.35855723564943603,1.063948445982346,2.2541368370054635,1.5734405100543458,16.572641818108078,0.8592914977590662,3.375908518503494,16.572641818108078,0.0627182971621573,0.6288294719274417,0.2573179424763123,0.5149768863311958,0.8090343566761538,0.8485846363821739,0.11467583574918042,0.4686408514189215,0.0,0.4166833128318983,0.32581606924745404,0.32581606924745404
23,4,random_far_1,V10空间附着,V10 空间附着车辆能力利用率,799,650,764,721,True,6337.4024442280015,2550.8006755459164,2.4844757589189856,1.1188820397074672,73,2550.8006755459173,0.28654745411326005,1.364811359940486,0.3311063599407993,0.9586705374200399,1.9258667125216058,1.5734405100543458,16.572641818108078,0.9141398912330493,3.375908518503494,16.572641818108078,0.04983951906655899,0.5743580762662359,0.2348349570550447,0.47467903813311796,0.6841930333212807,0.7659674476121605,0.12773958089728296,0.4520976571635191,0.0,0.4201627619391983,0.33114586992183603,0.33114586992183603
24,4,random_far_2,B0,B0 静态坡度代价,692,646,641,722,True,14450.677214564195,3030.523090245359,4.768377202298178,1.1496782470008937,88,3030.5230902453604,0.43493833342487387,0.4869999521073834,0.28564320547774635,0.8645131313646758,1.344733637383895,1.7010167676263195,2.2867874757330235,0.7886013095737069,4.1431604545270195,4.1431604545270195,0.022943259299245226,0.543440727745301,0.28319199352227314,0.2468088840905727,0.7292927158694685,0.7807462026690837,0.29432592992452283,0.22780206575699274,0.0,0.47787200431848476,0.35118378522113397,0.35118378522113397
24,4,random_far_2,B1,B1 方向纵坡代价,692,646,641,722,True,5127.492233086,3237.0665470937392,1.583993457808119,1.2280338682344958,96,3237.06654709374,0.22178569641651832,0.24611430346996854,0.7536164240751089,2.4189793896207865,2.41976860043896,0.9355592221944753,4.910412390550543,1.6289141804309357,9.974275168305788,9.974275168305788,0.5133455555347775,0.9785206525536914,0.0644380423389261,0.123664321054606,0.9659383421305675,0.9785206525536914,0.012582310423123732,0.0,0.0,0.9874176895768759,0.32771277278921196,0.32771277278921196
24,4,random_far_2,V9常数附着,V9 常数附着车辆能力利用率,692,646,641,722,True,5696.829625345474,2847.8385838766512,2.000404677989369,1.0803739068649487,80,2847.8385838766526,0.45645288191138744,0.6040496498502075,0.3187583528176076,0.9140331974589074,1.3623202177185338,1.7010167676263195,4.14316045452702,0.7130291151617782,4.450061228936426,4.450061228936426,0.01011303838604567,0.6093594491457412,0.3072824091830396,0.28777504392035613,0.7321533327971049,0.7869074823836332,0.2929804131406942,0.23475601740727398,0.0,0.47226356945203213,0.36218506690912966,0.36218506690912966
24,4,random_far_2,V10空间附着,V10 空间附着车辆能力利用率,692,646,641,722,True,6389.398766193452,2847.8385838766512,2.243595828207304,1.0803739068649487,80,2847.8385838766526,0.4658799567543275,0.599782028429163,0.3121021459142237,0.8955133870219265,1.355549632166724,1.7010167676263195,4.14316045452702,0.7130291151617782,4.450061228936426,4.450061228936426,0.01011303838604567,0.6034353684159954,0.31147136683933946,0.28777504392035613,0.7220402944110593,0.7767944439975875,0.32750848595513105,0.23475601740727398,0.0,0.43773549663759537,0.3631077978796161,0.3631077978796161
