pair_id,roi_id,scenario,模型代码,模型名称,起点_row,起点_col,终点_row,终点_col,是否找到路径,路径总代价_J,路径长度_L_m,平均单位距离代价_J除以L,绕行率_L除以直线距离,路径节点数,alpha_parallel_deg_mean_weighted,alpha_parallel_deg_max,alpha_parallel_deg_p90,alpha_cross_deg_mean_weighted,alpha_cross_deg_max,alpha_cross_deg_p90,rho_up_mean_weighted,rho_up_max,rho_up_p90,rho_down_mean_weighted,rho_down_max,rho_down_p90,rho_roll_mean_weighted,rho_roll_max,rho_roll_p90,rho_slide_mean_weighted,rho_slide_max,rho_slide_p90,rho_break_mean_weighted,rho_break_max,rho_break_p90,rho_max_mean_weighted,rho_max_max,rho_max_p90,unit_cost_mean_weighted,unit_cost_max,unit_cost_p90,E_rho_up_gt_0p5,E_rho_up_gt_0p7,E_rho_up_gt_0p9,E_rho_up_gt_1p0,E_rho_down_gt_0p5,E_rho_down_gt_0p7,E_rho_down_gt_0p9,E_rho_down_gt_1p0,E_rho_roll_gt_0p5,E_rho_roll_gt_0p7,E_rho_roll_gt_0p9,E_rho_roll_gt_1p0,E_rho_slide_gt_0p5,E_rho_slide_gt_0p7,E_rho_slide_gt_0p9,E_rho_slide_gt_1p0,E_rho_break_gt_0p5,E_rho_break_gt_0p7,E_rho_break_gt_0p9,E_rho_break_gt_1p0,E_rho_max_gt_0p5,E_rho_max_gt_0p7,E_rho_max_gt_0p9,E_rho_max_gt_1p0,上坡段数量_alpha_gt_1deg,下坡段数量_alpha_lt_minus1deg,近似平坡段数量_abs_alpha_le_1deg
1,1,contour_cross_slope,B0,B0 静态坡度,267,654,392,725,True,19667.698273881422,5020.141798780147,3.9177575180566633,1.2125251248115567,143,-3.1941190376292776,53.72617774905808,32.94983172342746,9.371512233186248,33.413448289183464,18.25553529978623,0.3074495675786307,2.2720318158764754,1.1147228354552623,0.4037230333115457,3.185424268336193,0.9546515347433063,0.2987324351338485,1.1699569554423352,0.5849784777211676,0.4211231135022094,1.649288318888731,0.8246441594443655,0.039785688939247534,0.2199491718701863,0.08469684528732548,0.803522992030166,3.185424268336193,1.2867426352242157,1.12403231186109,3.199578565655258,1.3142337217525384,0.2633935518551132,0.22786806427112624,0.18567541454861622,0.17193665907096342,0.3727316435873908,0.20079498451642738,0.13307759041771494,0.08145614957636522,0.21982008764244487,0.06064580075958266,0.02747751095530561,0.019429534326624243,0.3695655834064674,0.21982008764244487,0.06869377738826403,0.06064580075958266,0.0,0.0,0.0,0.0,0.7527024014022494,0.5224771393514133,0.3599692713992896,0.3002998539292585,47,95,1
1,1,contour_cross_slope,B1,B1 方向纵坡,267,654,392,725,True,11546.817526655039,6735.3825767987155,1.7143521388718452,1.6268107409975783,198,-2.2714714099552147,30.508697025845827,15.76695833144461,30.197932505319784,54.21288293201134,42.362403538666555,0.18153779532300993,1.0192746721215542,0.5221488214251566,0.22921259371492164,1.6560929672055327,0.6838809060361422,1.087436079070016,2.460082846013938,1.6172540139583327,1.5329586395511945,3.4679787855061073,2.2798429818205883,0.04751226487791451,0.3085854053104106,0.10340893901359507,1.5566864508181553,3.4679787855061073,2.2798429818205883,1.958504101270452,5.222841524882523,3.022173640343367,0.13369580212261345,0.071098170156011,0.014511326386874523,0.006010788197465992,0.1663646093422666,0.08779718921042796,0.031512402765691595,0.02301186457628306,0.871887812510072,0.7922891041646524,0.664906147563905,0.617851130197758,0.9111715225759912,0.871887812510072,0.8103214687570502,0.7880388350699481,0.0,0.0,0.0,0.0,0.9426839253416828,0.8991499461810591,0.8273225451358673,0.7922891041646524,78,114,6
1,1,contour_cross_slope,V6,V6 经验纵横坡,267,654,392,725,True,17728.697161624445,4864.210818960278,3.6447222008798423,1.174862796067373,138,-3.633582600230005,51.33989972106468,36.37394401510026,8.029565205559317,34.100996270708,17.35385420275948,0.3168615326474674,2.089554345136461,1.2578950804558249,0.43888220667266586,2.326102094168156,0.9658806490379919,0.2546146767068771,1.2007452963750285,0.5541901367884745,0.35893030949289545,1.6926906430700137,0.7812418352630831,0.03793520267699262,0.2018936428360665,0.0722221161364791,0.8269322400282189,2.326102094168156,1.366827045508042,1.141218336587968,3.0511424085676673,1.3758437859666726,0.26856332580639186,0.23425715912350292,0.19061704132681973,0.1705209541570154,0.38106081476578313,0.2340838912356466,0.13907115735855816,0.09988886227637883,0.14412055364570486,0.03430616668288895,0.02009608716980433,0.01177201531343943,0.267135140864176,0.14412055364570486,0.03430616668288895,0.03430616668288895,0.0,0.0,0.0,0.0,0.7383325611077572,0.551163463238012,0.35810835771154714,0.29882997545956347,49,88,1
1,1,contour_cross_slope,V7,V7 车辆约束,267,654,392,725,True,5253.647475639051,4480.772007881524,1.172487121950875,1.0822500351342386,128,-4.193899204846698,51.33989972106468,35.12261878651689,11.26330907803527,34.100996270708,21.44653778990133,0.345895338719204,2.089554345136461,1.2042054885806137,0.5044701674913634,3.149132915198801,1.3748459067917083,0.35963476143371936,1.2007452963750285,0.6966606289596992,0.5069771228247582,1.6926906430700137,0.982082487930933,0.0373103916971767,0.25770164166880044,0.0741918102129285,0.9136627936942306,3.149132915198801,1.4743591967156378,1.1790285881265932,3.4757904353006874,1.5632913181112675,0.3094623605770361,0.27862569922172037,0.2169523765110891,0.18611571515577344,0.48170936535725195,0.27862569922172037,0.17553424585185431,0.1409564701466794,0.27004772349812245,0.08876886971608772,0.01541833067765783,0.006386481675839026,0.42532677729858015,0.27004772349812245,0.14934644540283956,0.08876886971608772,0.0,0.0,0.0,0.0,0.836330970943382,0.644924521135649,0.4918369613829502,0.3812632793133656,46,80,2
2,1,upslope_downslope,B0,B0 静态坡度,365,627,294,752,True,13441.65436645325,5338.991883223388,2.5176390338203554,1.2895376383882966,152,7.532107311636095,51.33989972106468,26.049108636495784,7.038912836939127,26.723744518553328,14.408598654237727,0.3611258548589686,2.089554345136461,0.8565828127754831,0.08357657053633075,1.8350608511716553,0.28582572708768816,0.22168695324343526,0.8928618870480979,0.45566744580385726,0.3125120977602078,1.2586674012571895,0.64235439788298,0.04093982192266294,0.22979764225243346,0.08026503361531429,0.5335285219205004,2.089554345136461,0.9633574984651291,1.0474023143269091,2.0900469293642474,1.1148362524589814,0.2675723311854398,0.1273095663982415,0.07863974579990327,0.054955766513316025,0.06698840943611026,0.03349420471805513,0.022763423820424677,0.015175615880283119,0.0808621632912296,0.0214615617952609,0.0,0.0,0.15099354568482873,0.0808621632912296,0.0625435744534576,0.01073078089763045,0.0,0.0,0.0,0.0,0.40469212301514923,0.19207555834302542,0.13267495684705674,0.07549677284241436,106,35,11
2,1,upslope_downslope,B1,B1 方向纵坡,365,627,294,752,True,9236.71581128471,5399.487061124567,1.7106654218671193,1.3041491625394568,157,6.287042525518032,45.68761016911773,20.217790366913363,20.369728253978725,50.55020606474546,39.30275573893779,0.30094907488905503,1.723972442600685,0.661344059620148,0.06264848117495661,0.8922120621071727,0.24638547815985373,0.7086144920419291,2.1551838652885125,1.4516844910556916,0.9989338487057087,3.038162692689768,2.04643962555432,0.042712114582911576,0.3085854053104107,0.10078268024499583,1.0579805028217966,3.038162692689768,2.04643962555432,1.4884885918144135,4.483366939072529,2.5931742925966184,0.2080494239717659,0.07996100043312729,0.028725631017671848,0.023420034796402516,0.053055962212693285,0.0371391735488853,0.0,0.0,0.5632120064559225,0.4510403715810919,0.3233290051565406,0.2892977779175994,0.6647724488882144,0.5632120064559225,0.48416130242141414,0.44042917913855323,0.0,0.0,0.0,0.0,0.7222237109235581,0.5888296911636501,0.49697014477527796,0.4532380214924171,106,39,12
2,1,upslope_downslope,V6,V6 经验纵横坡,365,627,294,752,True,13135.041549837542,5338.991883223388,2.460210061587007,1.2895376383882966,152,7.334815010222944,51.33989972106468,26.049108636495784,6.801177288136651,25.114604821166303,12.692342729663624,0.36047561137414075,2.089554345136461,0.8565828127754831,0.09089156633301237,1.5895402295152758,0.28582572708768816,0.21377823259317413,0.8312852051827119,0.3994107492914916,0.30136317426763515,1.1718627528946248,0.5630493328671191,0.040730432137769564,0.22979764225243346,0.09881298616854646,0.5368431896826386,2.089554345136461,0.9633574984651291,1.0489193458927495,2.0900469293642474,1.1017326947806623,0.26697899240290696,0.12480976949210752,0.07624787370038875,0.052616413384553015,0.07127484196329219,0.03785491028595571,0.030283928228764564,0.022712946171573423,0.0699758668032449,0.010706985505763066,0.0,0.0,0.13773424430218018,0.0699758668032449,0.051697899240290696,0.005353492752881533,0.0,0.0,0.0,0.0,0.41358319392232556,0.19386712215109012,0.12702725879641713,0.07532935955612644,106,34,12
2,1,upslope_downslope,V7,V7 车辆约束,365,627,294,752,True,5237.820424104063,4897.952470312618,1.0693898023411714,1.1830124861871394,140,7.413642710424478,51.33989972106468,29.404142245528256,9.45252970550413,32.04975988982777,18.987187843582852,0.38124707592902984,2.089554345136461,0.9780997382701188,0.10887362872010266,1.7949804043980007,0.5463294835257619,0.3005654203318599,1.1103028774045205,0.6101969271711492,0.4237070727339686,1.5651939651399245,0.8601946076081745,0.03836797453608755,0.19696940764494297,0.07895190423101466,0.6462124876263662,2.089554345136461,1.2583306090210757,1.0698094071416238,2.0900469293642474,1.2923020958140323,0.29494954611715757,0.15482491386166136,0.09837387578409215,0.08668248299320756,0.108059342698123,0.04334124149660378,0.017537089186326883,0.017537089186326883,0.18346587375209997,0.0715667605353884,0.00826706312395001,0.00826706312395001,0.3338634950083999,0.18346587375209997,0.0715667605353884,0.04818397495361921,0.0,0.0,0.0,0.0,0.5796261032335114,0.3382907876137613,0.18163202911036513,0.14655785073771135,99,35,6
3,1,diagonal_ne_sw,B0,B0 静态坡度,279,639,380,740,True,16784.751950634065,4874.093519832945,3.4436663724928582,1.1848420550327927,140,-0.9303847089423042,39.21319648845686,31.588011877053944,8.600182461220447,39.85412003248107,17.35385420275948,0.30814766055670373,1.3865122248753532,1.0608576353555859,0.3225598986471966,1.8596129133316424,0.7817773836112801,0.27399551707965053,1.4804038365393608,0.5541901367884745,0.3862514801465433,2.0869252868532326,0.7812418352630831,0.03612596681706778,0.11818164458696578,0.07238625730951657,0.7317771021375719,2.0869252868532326,1.180343447747187,1.078245417998636,2.7002739641875717,1.2235599933297618,0.2680219861177612,0.2220366833283002,0.15842895062155796,0.14424751418546805,0.3197085135790096,0.15884641313288259,0.08651392478448625,0.04741060895740786,0.1594367942781802,0.04497745913283878,0.016614586260658985,0.008307293130329492,0.3223145820375517,0.1594367942781802,0.04497745913283878,0.03910331582707837,0.0,0.0,0.0,0.0,0.732985857538861,0.47772000168924295,0.28992033453888294,0.2307614389699543,61,79,0
3,1,diagonal_ne_sw,B1,B1 方向纵坡,279,639,380,740,True,10696.085599226219,5663.631119804965,1.8885561882417499,1.3767705333580444,167,-0.37585630453403585,36.097998976797115,21.079417707871237,27.20688786062913,53.90340404313576,42.61806725187625,0.2312025239812896,1.2459038008231318,0.6891831072591462,0.21773944639596396,1.2047087961140497,0.6006331184656293,0.9712297191513264,2.43227893368275,1.631782069432731,1.369142534092842,3.4287836103213096,2.3003231816079674,0.04189100890690456,0.21994917187018628,0.0909342098627487,1.4219221611420068,3.4287836103213096,2.3003231816079674,1.8184378140484696,5.150770969393749,3.060702199377183,0.23033896530041997,0.10696657069139594,0.029488357900751813,0.00505940235154539,0.1495374625752715,0.07119119357610684,0.029488357900751813,0.0172738801261486,0.7586741737879688,0.6976017849149527,0.6314699936903913,0.5683019317458627,0.8248059650125302,0.7586741737879688,0.7047568603380105,0.6874829802118619,0.0,0.0,0.0,0.0,0.8900697000285711,0.7953176071117783,0.729185815887217,0.7047568603380105,77,87,3
3,1,diagonal_ne_sw,V6,V6 经验纵横坡,279,639,380,740,True,15226.830464406612,4874.093519832946,3.1240333002327154,1.184842055032793,140,-0.9923256664817309,39.21319648845686,32.1000111861477,8.106326569410681,27.275328896258802,17.44402231246216,0.31084093544380303,1.3865122248753532,1.0809182776079074,0.32833282072467,1.8596129133316424,0.8038742395897713,0.25645256978148145,0.9143670755096052,0.5572689708817441,0.36152118735828276,1.2889832654093496,0.7855820676812117,0.03737069069486912,0.11818164458696578,0.07238625730951657,0.733534172207686,1.8596129133316424,1.2578950804558249,1.0726212127488226,1.8688135101898253,1.274323577532734,0.25627369950624035,0.21859568984710886,0.15498795714036664,0.14080652070427674,0.3114012204486801,0.18133514269930195,0.09238806809024665,0.05328475226316828,0.14282220801752118,0.03667016600250928,0.008307293130329492,0.0,0.2832112662104733,0.14282220801752118,0.03667016600250928,0.03079602269674888,0.0,0.0,0.0,0.0,0.7188044211027712,0.5026418810802314,0.2840461912331226,0.22488729566419388,61,78,1
3,1,diagonal_ne_sw,V7,V7 车辆约束,279,639,380,740,True,4834.123919272178,4383.640602558833,1.102764655581114,1.0656179900789047,118,-1.3561630893432615,60.67315745513448,33.049221441027555,8.12902972883115,25.114604821166303,15.596857131841283,0.3680876608440393,2.9481229728235765,1.1186998422608334,0.38898247644056344,1.8596129133316424,0.8529783639843863,0.2560199678082166,0.8312852051827119,0.4950468665655971,0.3609113483570143,1.1718627528946248,0.6978675672904703,0.043693213596081686,0.29217128800666536,0.09979783320677109,0.8064019847146566,2.9481229728235765,1.1772020563869101,1.1045717403665705,2.9483128372279674,1.2217670864534573,0.322145644058542,0.2786959050742995,0.2352461660900569,0.16028095592201064,0.38564045085219906,0.2199522949242046,0.08149227796250127,0.05920747457614442,0.09184281354841935,0.026108271177819945,0.0,0.0,0.2667616372738607,0.09184281354841935,0.026108271177819945,0.013054135588909973,0.0,0.0,0.0,0.0,0.7985090406706893,0.5432178067712178,0.3297925796414682,0.22601549829261006,45,73,0
4,1,diagonal_nw_se,B0,B0 静态坡度,279,740,380,639,True,9491.975612785762,4735.033365689247,2.0046269750844887,1.1510379603558314,136,-5.908925907526231,24.428173456638085,8.340407845718232,6.87483575918419,34.77755089565154,13.661016318661034,0.08521862686521178,0.8005392978151392,0.3024141738160172,0.24129988341945258,0.9616557807863785,0.5986714335591149,0.21628821239640833,1.231533637307721,0.4310367730577025,0.30490149279368356,1.7360929672512957,0.6076325385379535,0.037160182302094454,0.18383811380194673,0.07714635132760266,0.4434608004155186,1.7360929672512957,0.7282211382331792,1.0136021523783467,2.063323879449563,1.0173263595055198,0.0679686692567312,0.01459540402496817,0.0,0.0,0.1982900420540977,0.060885791533927494,0.04024477321350265,0.0,0.04231930006819672,0.006045614295456675,0.006045614295456675,0.006045614295456675,0.15908253226794208,0.04231930006819672,0.018136842886370023,0.006045614295456675,0.0,0.0,0.0,0.0,0.3780135926424646,0.10570926703617904,0.05838161609987268,0.006045614295456675,36,92,8
4,1,diagonal_nw_se,B1,B1 方向纵坡,279,740,380,639,True,5903.624424632386,4501.736382292027,1.3114105143639259,1.0943258607384265,125,-6.659698462677567,19.147951958537792,4.631925268739654,21.83319560898346,47.21028636698687,39.133924189232125,0.0534262124851838,0.6272267349933568,0.19603426336831992,0.22743281256313386,0.9757386749584233,0.579715327983902,0.7595438346060979,1.9158167296391722,1.4429762331936953,1.0707289428662532,2.700726841810065,2.0341635944551832,0.035879908467311664,0.1510098791944563,0.08305543355695094,1.100474607006382,2.700726841810065,2.0341635944551832,1.5106390644034016,3.8163229165819303,2.5702755972348963,0.015306680258374701,0.0,0.0,0.0,0.15460520145337994,0.05379867420268434,0.02689933710134217,0.0,0.630464049253233,0.5217788885749771,0.3861943907953791,0.3350219277352149,0.7233919430763683,0.630464049253233,0.5703251404926213,0.5217788885749771,0.0,0.0,0.0,0.0,0.7666857727089723,0.630464049253233,0.5703251404926213,0.5217788885749771,26,92,7
4,1,diagonal_nw_se,V6,V6 经验纵横坡,279,740,380,639,True,8127.105096718101,4701.291714336906,1.7286961946934598,1.142835711595968,134,-6.073576274965153,24.428173456638085,8.904979517498697,6.771522866997638,31.027982518193017,11.788011834139166,0.08561840778859298,0.8005392978151392,0.31872191035939196,0.24911382766402101,1.5404361051719462,0.5829056797824622,0.21279531236233082,1.0667615880945394,0.37010095913484015,0.29997755161922207,1.5038138096442413,0.521731321713308,0.03764258868455175,0.21502493667906275,0.07452009255900342,0.44841410754822225,1.5404361051719462,0.711353091839346,1.0165750437894354,1.655645663999309,1.0162208332952583,0.06828130904272389,0.014662539427805134,0.0,0.0,0.2042335173957465,0.05760812311769516,0.042945583689890036,0.008589116737978006,0.03288280749728651,0.008589116737978006,0.008589116737978006,0.008589116737978006,0.14410970022990044,0.03288280749728651,0.020735962117632258,0.008589116737978006,0.0,0.0,0.0,0.0,0.38122602512293347,0.10515347004278681,0.06368154580752229,0.017178233475956012,36,90,8
4,1,diagonal_nw_se,V7,V7 车辆约束,279,740,380,639,True,4637.136836261802,4552.348859320538,1.0186251053162738,1.1066292338782215,128,-6.702175718346345,22.654927938017725,10.356736738147141,8.363561935644722,27.511757359889653,16.416278083058767,0.08246087213439608,0.7408841957315714,0.360904437575058,0.2671359681728897,1.4477618113568833,0.6320098041882194,0.26420530367653683,0.923650227980791,0.5224954717197743,0.3724502163222015,1.3020697254384719,0.7365618659481996,0.03453168651965528,0.18383811380194673,0.07140141027129181,0.4966224298211022,1.4477618113568833,0.837839122516077,1.0200063269459514,1.8290622427070304,1.036937893553655,0.06807505032724902,0.00889073346691458,0.0,0.0,0.23026550640911803,0.06331376110710535,0.04813632971601328,0.012573395848354964,0.12923155775694778,0.03664156070636161,0.006286697924177482,0.0,0.25954174235259886,0.12923155775694778,0.045532294173276186,0.03664156070636161,0.0,0.0,0.0,0.0,0.46053101281823605,0.17997192301569817,0.08109522804093451,0.03664156070636161,35,89,4
5,1,random_far_1,B0,B0 静态坡度,350,700,262,714,True,12128.84817280944,3317.678297703423,3.6558240686582906,1.2927870564154413,93,6.4822946890286195,45.8796439506898,26.72237602979009,5.631343189000104,24.29366311851227,11.576857633241536,0.46248579613940105,1.7351358971243664,0.8802734054151972,0.2651220548877714,2.0805814727239293,1.0102663838571138,0.17689870347013184,0.8004968642500188,0.3633024230057776,0.2493741021006563,1.1284604287133422,0.512147425339132,0.034892514116115846,0.11982305631734032,0.07484837490507831,0.7649989934791058,2.0805814727239293,1.4864215683870274,1.1260441718281913,2.080806092361487,1.4895322506208846,0.44248266162843475,0.22332211571284097,0.10914932829510136,0.0970216251512012,0.19698592452641706,0.15055589684944007,0.12630049056163978,0.11772490942837056,0.06566197484213902,0.017151162266538414,0.0,0.0,0.10706854339647773,0.06566197484213902,0.029278865410438563,0.017151162266538414,0.0,0.0,0.0,0.0,0.6601718704320211,0.39102917482881944,0.26472868426717966,0.23189769684611017,65,25,3
5,1,random_far_1,B1,B1 方向纵坡,350,700,262,714,True,8300.33517156478,4146.746701166112,2.0016499125038507,1.6158469810686276,128,4.613424761872826,34.77755089565153,22.022721851968647,24.10080342894692,46.21844692653212,38.285212294154846,0.33759971985159526,1.1896604312022427,0.7200282948678232,0.1690147196382775,1.4130399520420065,0.5490015133153215,0.8370622305629578,1.8505047956742011,1.3998524513158952,1.1800066255672406,2.608656608566541,1.973371999186218,0.03548027423229982,0.23800470090430612,0.07550493959722814,1.2579679971134874,2.608656608566541,1.973371999186218,1.5748332279702157,3.6314595657876447,2.491814117280708,0.3436836605273848,0.10886352835379069,0.057870625394621567,0.006877722435452431,0.1563163394726152,0.05669059478117336,0.030359735652811838,0.013755444870904862,0.734820132173594,0.5842014845229831,0.4781868020801945,0.4312227756454757,0.7983884493902198,0.734820132173594,0.6437409252151585,0.5842014845229831,0.0,0.0,0.0,0.0,0.9226762379124693,0.7583021453909534,0.6975826740853298,0.597956929393888,80,46,2
5,1,random_far_1,V6,V6 经验纵横坡,350,700,262,714,True,11305.727654648568,3334.5491233795933,3.390481662237478,1.2993610467508792,94,6.471781265482934,45.8796439506898,27.496862903347044,5.537276212965933,25.114604821166303,11.481201748981332,0.4597781253339794,1.7351358971243664,0.907991220873799,0.2637968820341932,2.0805814727239293,0.9998498260559147,0.1741755443336192,0.8312852051827119,0.3602235889125085,0.24553526466870365,1.1718627528946248,0.5078071929210042,0.034639705475832144,0.11982305631734032,0.07222211613647911,0.763668361197663,2.0805814727239293,1.470664944553883,1.1238298143436445,2.080806092361487,1.474077775412851,0.43673661110456036,0.22720422370520535,0.11713647911377274,0.09300230983878419,0.19600131990787667,0.14980336576508552,0.12566919649009697,0.11713647911377274,0.058265038780285425,0.025598152128972648,0.0,0.0,0.09946464280792243,0.058265038780285425,0.03766523676646693,0.025598152128972648,0.0,0.0,0.0,0.0,0.6533377330262555,0.39407302422293927,0.2804709123703366,0.2357369410815296,66,25,3
5,1,random_far_1,V7,V7 车辆约束,350,700,262,714,True,3283.2232378981616,2820.7338863646423,1.1639606464718921,1.0991446218305445,89,6.610517459627698,45.8796439506898,32.005114152409014,13.568813314581927,27.51175735988966,23.46196414599771,0.5174852919737172,1.7351358971243664,1.0771736919604658,0.31895869570333224,2.301550032028685,1.1590242474544836,0.4350730527293484,0.9236502279807912,0.7697085233173255,0.6133224819869386,1.302069725438472,1.0850581045320595,0.034727619503458956,0.11161599766546766,0.07813119836582738,0.9522670277169115,2.301550032028685,1.434883936348401,1.1718313824209268,2.3526564518871735,1.52632996248551,0.5005057859212192,0.38145403453337323,0.1818832081190405,0.13745465899258374,0.25722169968987535,0.22702704655494285,0.20272826618510773,0.1742604742020592,0.41754456043340304,0.16103815005297328,0.01006488437831083,0.0,0.6497521904439977,0.41754456043340304,0.21136257194452743,0.1308434969180408,0.0,0.0,0.0,0.0,0.9170387745121839,0.7334287052412595,0.4953252024655674,0.3922342082211296,62,26,1
6,2,contour_cross_slope,B0,B0 静态坡度,271,767,388,852,True,19279.64660661225,5486.735765574589,3.513864605541692,1.3173417874732516,165,-1.9571880042526706,43.152091031280435,33.1340048462416,7.262117888801246,28.375494547201935,16.172713585313225,0.2981557751435297,1.5833640185484634,1.1221683876571766,0.3511240422385049,1.9685897008419482,0.9268141730969173,0.22925304309901595,0.9579083648195863,0.5143310083393823,0.32317801462187035,1.3503634209050328,0.7250524219292235,0.04534031807134764,0.24621175955617874,0.09520188036172242,0.709828762538386,1.9685897008419482,1.3217110627871513,1.085463903688168,2.0015091547795376,1.3692415869780774,0.23877605000754937,0.21878527270168222,0.14836960379242128,0.12532004389991339,0.3425309042320969,0.2512285613395171,0.14083133781852186,0.07257855481844992,0.10264157656169103,0.03043411429752661,0.007384554405018717,0.0,0.21266770752840072,0.10264157656169103,0.04609911978501578,0.01999077730586716,0.0,0.0,0.0,0.0,0.6430710795121511,0.5161129538262151,0.31963505590846975,0.21266770752840072,76,86,3
6,2,contour_cross_slope,B1,B1 方向纵坡,271,767,388,852,True,11965.73203833559,6287.355039084441,1.9031424126603844,1.5095670503460217,187,-1.7507167620817865,29.983805309182934,20.86235440888103,28.324879099573483,53.90340404313576,40.266138812001245,0.2298664289132211,0.9993896380936979,0.6821254980345005,0.2689708333113261,1.1476031102895918,0.7880464840776231,1.004405351030508,2.43227893368275,1.5021744811943514,1.4159102223189444,3.4287836103213096,2.1176153646010745,0.04244325098917257,0.17727246688044873,0.08338371590302586,1.457453099701828,3.4287836103213096,2.1176153646010745,1.8144345079430493,5.147668585946237,2.7261862943758906,0.2690329777149296,0.07691277119591895,0.015538726306423901,0.0,0.2569411356948814,0.13718251280763996,0.04850134253324631,0.021975077484548276,0.836291222143662,0.7301861619488699,0.6270705686458264,0.5611453361921815,0.8920097761912332,0.836291222143662,0.7612636145617176,0.7119814116922708,0.0,0.0,0.0,0.0,0.9514986574667537,0.8764710498848093,0.7703659896900172,0.7275201379986946,81,104,2
6,2,contour_cross_slope,V6,V6 经验纵横坡,271,767,388,852,True,17690.1085762281,5469.864939898419,3.2341033591510624,1.3132911743943716,164,-2.0614478958119706,43.152091031280435,33.20386570697708,6.916970314267225,28.375494547201935,15.6940578173289,0.2990705669860033,1.5833640185484634,1.1249805561382216,0.3573017950048484,1.9685897008419482,0.9269339214475167,0.2180232069562915,0.9579083648195863,0.49829141542227534,0.3073473146229737,1.3503634209050328,0.7024414078104063,0.044810069745883634,0.24621175955617874,0.0997978332067712,0.7132342066707312,1.9685897008419482,1.3443350512098629,1.0873917756160811,2.0015091547795376,1.369867054548503,0.23950865491053946,0.21945654255256636,0.1488248265804253,0.12570454677866152,0.343581846400954,0.2519993726323694,0.14650112139339302,0.08237797143721255,0.09771880865616604,0.025289801807083987,0.007407211454431096,0.0,0.1827927164087901,0.09771880865616604,0.04100287015441668,0.014814422908862193,0.0,0.0,0.0,0.0,0.634568750364132,0.5176964747884634,0.3258534392300132,0.2228969411247363,76,85,3
6,2,contour_cross_slope,V7,V7 车辆约束,271,767,388,852,True,5469.72248771115,4869.999971098613,1.1231463080434572,1.1692661613439084,144,-2.43257101521862,50.265965925352965,32.51531574422851,10.277514769758668,28.917200023608167,20.21779036691336,0.32764026284354736,2.0135263735143494,1.0973856960011739,0.40631005935364545,2.0314773484220097,0.9511866127650976,0.32682543895885624,0.9796790094745772,0.653119339649718,0.4607258209655485,1.3810534986528749,0.9207023324352497,0.05044658360516469,0.23964611263468064,0.10734832716649396,0.8302171308124562,2.0314773484220097,1.3243779580122153,1.1214248879915945,2.032425981866721,1.3723737260369853,0.28963035875011256,0.20710678118654752,0.16119485597466404,0.1235769681568388,0.3847170692372195,0.30462275898295926,0.18548752906771265,0.10296395150414762,0.22227182413150287,0.06937100555089706,0.008294037394058257,0.0,0.37416640724596495,0.22227182413150287,0.12114770084753394,0.05764146538139028,0.0,0.0,0.0,0.0,0.7910533905932738,0.631871005550897,0.41504715512713014,0.25485853461860974,65,78,1
7,2,upslope_downslope,B0,B0 静态坡度,372,751,287,868,True,11452.261454944204,5480.946613436257,2.0894677986590087,1.3159518368082834,159,2.196926845892137,53.72617774905809,10.569349247334875,7.527004987020991,32.005114152409014,14.699834947082092,0.19933173193938056,2.272031815876476,0.36704555600788086,0.07041612099120101,1.135265077457242,0.23917680889108853,0.23734866664426177,1.108380273576949,0.4652509276742753,0.33459041512531135,1.5624836705261662,0.6558642322658924,0.04616954840512715,0.24621175955617874,0.08600997467162513,0.4524620506010014,2.272031815876476,0.7899223000993403,1.0513535069008624,2.275767259997693,1.0284071839399322,0.06944246348835387,0.06422660169495129,0.0568502592072577,0.0568502592072577,0.012592204281096172,0.005215861793402583,0.005215861793402583,0.005215861793402583,0.08166398788480017,0.015647585380207746,0.005215861793402583,0.005215861793402583,0.22233871567114905,0.08166398788480017,0.02823978966130392,0.015647585380207746,0.0,0.0,0.0,0.0,0.26965215169642215,0.14589058957975146,0.08509004886856161,0.07249784458746544,75,64,20
7,2,upslope_downslope,B1,B1 方向纵坡,372,751,287,868,True,7515.517495919919,5076.543427946993,1.4804399100667742,1.2188563618311838,152,3.3059627569025807,44.69972552899883,19.05871029266265,20.747820447469504,48.45382193125944,38.60864831159051,0.2041724959759133,1.667729072979796,0.6244145665123126,0.053088693677224026,0.7880464840776238,0.16552062226300857,0.7137341887239246,2.001242160625047,1.4161465048709305,1.006151085113074,2.8211510717833557,1.996341726466062,0.049112037383713295,0.2856056410851673,0.10439378605181984,1.02560072870946,2.8211510717833557,1.996341726466062,1.4334555571403447,4.056177165576347,2.5012229303598956,0.10829866221785744,0.07782716429297643,0.024843441777142903,0.024843441777142903,0.013587329481666655,0.013587329481666655,0.0,0.0,0.6222859653349999,0.4357601651886903,0.3158054170398808,0.27504342859488085,0.7193285152573811,0.6222859653349999,0.4798189925952379,0.424504052893214,0.0,0.0,0.0,0.0,0.7249565714051193,0.6335420776304762,0.48544704874297606,0.43013210904095217,84,50,18
7,2,upslope_downslope,V6,V6 经验纵横坡,372,751,287,868,True,11219.202634905969,5497.817439112428,2.040664820023054,1.3200024498871636,160,2.010604637300146,53.72617774905809,10.501471093069108,7.341388784973024,32.005114152409014,14.596429528741979,0.1983809562677514,2.272031815876476,0.36505705260509486,0.07586129109306666,1.135265077457242,0.2637288710999578,0.23134243222137818,1.108380273576949,0.4618251139903955,0.3261234264655243,1.5624836705261662,0.6510348627192359,0.04634461449352065,0.24621175955617874,0.08880037461326176,0.44777594113823727,2.272031815876476,0.7807130209348632,1.0506134724520286,2.275767259997693,1.0249848543731568,0.06923093659321318,0.06403096270175443,0.05667708910046747,0.05667708910046747,0.017753821384204452,0.010399947782917493,0.005199973891458746,0.005199973891458746,0.07406135971844835,0.015599921674376238,0.005199973891458746,0.005199973891458746,0.2143075818484793,0.07406135971844835,0.020799895565834985,0.015599921674376238,0.0,0.0,0.0,0.0,0.26667687152929037,0.14329229631166152,0.07747698466630244,0.0722770107748437,74,66,20
7,2,upslope_downslope,V7,V7 车辆约束,372,751,287,868,True,5255.257016929737,4758.892316168918,1.1043025703847844,1.1425896886649443,136,3.987868515217739,52.71782843211969,26.996115485497974,10.432607968150212,37.27526834307423,21.6067161298697,0.32329767720811153,2.192491679765052,0.8900219509404907,0.16169638405926975,2.006925286269436,0.5951817108840383,0.33374274941633675,1.3497799686094174,0.7023962352058193,0.4704771535103738,1.902784820366183,0.9901679720502139,0.05597759037300367,0.21338352494868817,0.11818164458696576,0.6619966403432689,2.192491679765052,1.2863477989407492,1.1099857786262688,2.3916526102224958,1.4056696336815744,0.22075924463343505,0.15665308040138842,0.10560998376168591,0.08258013158733608,0.11368965906302715,0.08215262411539356,0.05912277194104375,0.05310728531326142,0.2203317371614925,0.1016586858074625,0.029045338802132146,0.014522669401066073,0.37406561394543697,0.2203317371614925,0.13070402460959465,0.08962771255189786,0.0,0.0,0.0,0.0,0.5062292403637536,0.3404643903242445,0.23734610270806003,0.18174712124929718,76,51,9
8,2,diagonal_ne_sw,B0,B0 静态坡度,279,759,380,860,True,18935.140573344288,5412.264338066403,3.4985616722684125,1.3156658514248374,162,-4.266323716232863,40.95949962845593,28.697854473102694,8.841063663335678,28.375494547201935,18.897946177707695,0.25208790061723246,1.4708772793066862,0.9516898028629239,0.3911075359306638,1.9685897008419482,0.9269339214475167,0.2801401158386712,0.9579083648195863,0.6071180930778798,0.3949135210108412,1.3503634209050328,0.8558543751900461,0.051827746589375105,0.24621175955617874,0.11457053878014181,0.7294078085207173,1.9685897008419482,1.2156746278776673,1.0770383614674959,2.0015091547795376,1.2445157812328538,0.2230641000864121,0.1688483990175241,0.09875328675234157,0.08597452346147708,0.374969113755073,0.2802246336535901,0.16612392278123833,0.10661508464691881,0.1617389444612354,0.043629426938024976,0.007485626225432972,0.0,0.2944435427661675,0.1617389444612354,0.06699446435975248,0.03304315280716194,0.0,0.0,0.0,0.0,0.6967865005938266,0.5235531232562998,0.30850663647160487,0.22563276091555784,67,92,3
8,2,diagonal_ne_sw,B1,B1 方向纵坡,279,759,380,860,True,11408.47477652862,5908.009776740021,1.931018262942635,1.4361764739521037,173,-3.26047423280075,32.55227285302707,18.969468626787496,28.115962055502145,53.90340404313576,40.845066225993946,0.2005490423584179,1.0988148082329776,0.6216023980312684,0.28874659561881405,1.442227856473621,0.7811021122084455,0.989006815838399,2.43227893368275,1.5332593784481134,1.3942029072744,3.4287836103213096,2.1614357442278638,0.043727032677299445,0.17727246688044873,0.09421703332349779,1.4196502827617772,3.4287836103213096,2.1614357442278638,1.7494635725391494,5.147668585946237,2.804906939473323,0.16764560300846984,0.08299214647346816,0.013693581907116899,0.006846790953558449,0.2963583568084922,0.13106220102035,0.042742055782884224,0.026212440204069997,0.8580802507442304,0.7597332123021118,0.5944370565139697,0.5243078369168516,0.9125105097933011,0.8580802507442304,0.776262827880926,0.754891799989484,0.0,0.0,0.0,0.0,0.9484057746226268,0.8842926909483005,0.781104240193554,0.7597332123021118,66,103,4
8,2,diagonal_ne_sw,V6,V6 经验纵横坡,279,759,380,860,True,17223.053497628785,5412.264338066403,3.1822269611801572,1.3156658514248374,162,-4.3060974847682,40.95949962845593,28.697854473102694,8.656270309872522,28.375494547201935,18.897946177707695,0.25208790061723246,1.4708772793066862,0.9516898028629239,0.3927057481338603,1.9685897008419482,0.9929550555806365,0.27427330713000786,0.9579083648195863,0.6071180930778798,0.3866430807802476,1.3503634209050328,0.8558543751900461,0.051377344015653297,0.24621175955617874,0.11457053878014181,0.7276074913747764,1.9685897008419482,1.2156746278776673,1.077587843111954,2.0015091547795376,1.2445157812328538,0.2230641000864121,0.1688483990175241,0.09875328675234157,0.08597452346147708,0.37277662459507155,0.27803214449358865,0.17141705984666983,0.11410071087235178,0.1617389444612354,0.043629426938024976,0.007485626225432972,0.0,0.27637164240987155,0.1617389444612354,0.06699446435975248,0.03304315280716194,0.0,0.0,0.0,0.0,0.6840077373029623,0.5213606340962982,0.31379977353703636,0.2331183871409908,67,92,3
8,2,diagonal_ne_sw,V7,V7 车辆约束,279,759,380,860,True,5500.434184057376,4451.123905263516,1.2357405233210959,1.0820224875986315,122,-3.0872171699108937,50.83389396358185,34.77755089565154,14.303124618543773,37.99844201218838,27.432271831374408,0.342662165250375,2.053296441570061,1.189660431202243,0.44600300668211484,1.8841649754905825,1.2741525147639168,0.4660727359307435,1.3854753419711865,0.9205448482681735,0.6570227353641939,1.953104588157708,1.2976920716607758,0.05010432234097649,0.2888884645459164,0.09667915091905951,1.0531521687858465,2.053296441570061,1.5380325469365468,1.242887615083052,2.47789257874743,1.6526421441106256,0.2801804335930886,0.2284313789307004,0.1782380572238198,0.16275890718839864,0.38477861224041965,0.3137945359419932,0.21936390277395865,0.18464973110249924,0.4104253077551373,0.26955722448083924,0.09397496953508178,0.05926079786362234,0.5603608671861772,0.4104253077551373,0.34319710305732803,0.250322202844801,0.0,0.0,0.0,0.0,0.8938460883971614,0.7967596529510644,0.6751265913128046,0.5603608671861772,48,68,6
9,2,diagonal_nw_se,B0,B0 静态坡度,279,860,380,759,True,8696.967943698033,5046.895325328987,1.7232312903440516,1.2268483984696181,146,-1.2459342778377132,34.9817816004696,9.06728141831865,7.707835809252183,25.583478113381723,14.596429528741979,0.10528971376628853,1.198239978372257,0.3232984811465976,0.09686229019833274,0.7793221773914474,0.30055696441269086,0.24278358919315207,0.8490551415446331,0.4618251139903955,0.3422520254369153,1.1969130321658243,0.6510348627192359,0.04941875516175572,0.4513882258529944,0.09356046863134788,0.410924774254053,1.198239978372257,0.7057688894964729,1.0116201812265113,1.2598128404616122,1.0143194480365216,0.04002827974093027,0.02401696784455816,0.008005655948186054,0.008005655948186054,0.035338675062175716,0.01601131189637211,0.0,0.0,0.08434385968134626,0.027333019113989665,0.0,0.0,0.23135941353885792,0.08434385968134626,0.04099952867098449,0.021672165505180887,0.0,0.0,0.0,0.0,0.2827094004974057,0.11636648347409047,0.04900518461917055,0.029677821453366938,44,84,18
9,2,diagonal_nw_se,B1,B1 方向纵坡,279,860,380,759,True,5759.775486109128,4876.988095902113,1.1810107740367004,1.1855456967344313,143,-0.6583113219388473,33.049221441027555,8.880567841118102,15.71216244784041,53.90340404313576,29.797914238507577,0.10700874829266861,1.1186998422608334,0.3178882020784697,0.07805026669068148,0.4755497499221785,0.2146247466819597,0.5209154572648584,2.43227893368275,1.0156216209968818,0.7343345195727231,3.4287836103213096,1.4317217980790535,0.03966904338281829,0.16085834957670342,0.0748483749050783,0.7541490577302148,3.4287836103213096,1.4317217980790535,1.177116408972712,5.147668585946237,1.5498125254593083,0.036559626838516254,0.014138687676028152,0.014138687676028152,0.014138687676028152,0.0,0.0,0.0,0.0,0.4782895656880654,0.2696398714403196,0.12724818908425337,0.10482724992176526,0.6231070633410233,0.4782895656880654,0.29791724679237586,0.25207056287161494,0.0,0.0,0.0,0.0,0.6231070633410233,0.48414600187763357,0.312055934468404,0.2662092505476431,49,79,15
9,2,diagonal_nw_se,V6,V6 经验纵横坡,279,860,380,759,True,8284.64904980443,5063.7661510051585,1.6360647002152588,1.23094952284955,147,-1.3458686371144688,34.9817816004696,9.06728141831865,7.521192383613552,25.583478113381723,14.596429528741979,0.10479029690031093,1.198239978372257,0.3232984811465976,0.09970281022649406,0.9269339214475167,0.29810175819186224,0.2367697996720444,0.8490551415446331,0.4618251139903955,0.3337743863551695,1.1969130321658243,0.6510348627192359,0.049859526134452284,0.4513882258529944,0.0952018803617224,0.40539469203513545,1.198239978372257,0.7057483097556959,1.0113423242205508,1.2598128404616122,1.0143121479315216,0.039895982617127526,0.023937589570276516,0.007979196523425505,0.007979196523425505,0.03288482495725391,0.013621340493559805,0.005642143970134299,0.0,0.08172804296135883,0.02724268098711961,0.0,0.0,0.20665715995668826,0.08172804296135883,0.0385269689273882,0.02160053701698531,0.0,0.0,0.0,0.0,0.26347957448421866,0.11130777650176964,0.052148309420948,0.029579733540410814,44,85,18
9,2,diagonal_nw_se,V7,V7 车辆约束,279,860,380,759,True,4903.736159310185,4735.033365689248,1.0356286388272113,1.1510379603558316,136,-1.1167909939145382,35.45123888729389,10.961992520310364,10.298035722717005,28.375494547201928,20.903879542425827,0.1473513694849737,1.2181250124001126,0.3785425774647618,0.14253451659596833,0.9963776401237222,0.4432954971343752,0.3278923107088698,0.9579083648195861,0.6773435005192467,0.46222979007044995,1.3503634209050326,0.9548511319882128,0.052312693541538786,0.19040376072344484,0.09438117449653516,0.5383802745102296,1.3503634209050326,0.9684668099595728,1.0359950451013205,1.5303203595221182,1.0859542707903307,0.10337586887018617,0.07176005692579386,0.03764632477775692,0.03161581194439231,0.09838002846289692,0.04617475781476616,0.029117891740747692,0.0,0.20382524218523382,0.07529264955551385,0.008528433037009234,0.0,0.375,0.20382524218523382,0.1335284330370092,0.06323162388878462,0.0,0.0,0.0,0.0,0.46734951562953225,0.2645589458703738,0.1686768376111215,0.07176005692579386,45,79,12
10,2,random_far_1,B0,B0 静态坡度,319,748,350,849,True,14522.612874912835,4409.195156442505,3.293710611491779,1.449076412138114,128,-6.841957227421203,44.12182896064698,16.072925893235738,10.296923250706667,32.04975988982776,17.892691307708223,0.15194112622912387,1.6357107269850868,0.5316130066378462,0.38246396682995865,3.2099763304345563,1.1109597759255858,0.32719283180479947,1.1103028774045203,0.5725679544262526,0.4612437346600984,1.5651939651399238,0.8071490447682355,0.05085493570360422,0.29873693492816356,0.08748724522896216,0.7107562365355483,3.2099763304345563,1.199251761350292,1.1052850327462138,3.21081100516137,1.231082322569219,0.10669417382415922,0.07544417382415922,0.05602791308792039,0.040402913087920385,0.31518082617584076,0.2408470869120796,0.15088834764831843,0.1287912607362388,0.21920995705504467,0.03125,0.015625,0.015625,0.39755704396712427,0.21920995705504467,0.06518082617584077,0.03125,0.0,0.0,0.0,0.0,0.5964308261758408,0.4455424785275223,0.27209708691207957,0.20044417382415922,43,76,9
10,2,random_far_1,B1,B1 方向纵坡,319,748,350,849,True,7405.319055885786,4249.170627888301,1.7427681080357056,1.3964845532015469,127,-6.415349053949533,29.453305621317156,12.563452459485037,28.445653096935565,54.452013123251426,42.29206147156955,0.11586958906397389,0.9795046040658424,0.42578416729962515,0.3010212902951278,1.2703634212153143,0.7330697053077211,1.0223279042990803,2.4818534906689282,1.6133090648731154,1.4411756456432931,3.498668863253949,2.274281787099198,0.047466883008100834,0.27411575897254564,0.08929279813237416,1.4620125225197556,3.498668863253949,2.274281787099198,1.8849437153836515,5.277109870947391,3.0552763754997616,0.07317389786275214,0.06367955712760448,0.018988681470295303,0.0,0.26997185264486767,0.12294931489821123,0.06367955712760448,0.04747170367573826,0.8048310165564532,0.7439322874472778,0.5952807783620527,0.546657218006454,0.8534545769120518,0.8048310165564532,0.7534266281824255,0.7372187747305592,0.0,0.0,0.0,0.0,0.8870221404956448,0.8249715547066089,0.7534266281824255,0.7372187747305592,35,84,8
10,2,random_far_1,V6,V6 经验纵横坡,319,748,350,849,True,13053.088066736444,4541.267185782703,2.8743272599334406,1.4924817175577332,133,-6.6025086819655066,44.12182896064698,16.987874685752693,9.090753357421177,29.808855987202545,16.30796533660277,0.16180982155303156,1.6357107269850868,0.5597346914482905,0.38345250817453336,3.2099763304345563,1.0935988462597874,0.28718543913120786,1.0160152507788702,0.518866402097582,0.4048453132491139,1.4322766979823192,0.7314459665055121,0.04944279865644593,0.29873693492816356,0.08830795109414942,0.6917004338686551,3.2099763304345563,1.195297873970436,1.0919525428882295,3.21081100516137,1.2198510704546695,0.10990434287980413,0.08844418504804201,0.06958758093727342,0.04552386938451777,0.3223490666742204,0.23498330888778088,0.15911019324691789,0.12507896600797672,0.153271357741117,0.012571069407179057,0.006285534703589528,0.006285534703589528,0.333841708819797,0.153271357741117,0.036634780959934714,0.012571069407179057,0.0,0.0,0.0,0.0,0.59028517553934,0.42488944758883257,0.265332555144126,0.18317390479967358,45,80,8
10,2,random_far_1,V7,V7 车辆约束,319,748,350,849,True,4256.135484016755,3631.235860747162,1.1720900671929952,1.193401073443134,113,-6.982222105252721,41.52191635819476,31.232978299006582,12.964030889474774,36.74207436541821,21.766894469838075,0.2634191338904551,1.4989989641171304,1.0470735469498993,0.5209000582942209,2.7671924637818255,1.2741525147639168,0.4167027658657749,1.3238986601058007,0.7081318414519399,0.5874258886141748,1.8662999397951434,0.9982534561694952,0.05315723538217333,0.19532799591456843,0.11227256235761746,0.9133904972448658,2.7671924637818255,1.4315571599391042,1.1714847683826208,2.7678070789125697,1.4795825408633045,0.23527484794569026,0.18154293184179407,0.13567987266824014,0.11668277154663433,0.4678495310743811,0.35712631160566743,0.21953713408500572,0.17693346217237307,0.3557762291971678,0.1297203205903195,0.042603671912632625,0.007868856930342267,0.5739632808736739,0.3557762291971678,0.21818705167650604,0.10611374979929268,0.0,0.0,0.0,0.0,0.8629700449232602,0.6952555220897291,0.45481198203069595,0.35060753708382486,42,68,3
11,3,contour_cross_slope,B0,B0 静态坡度,759,587,620,552,True,19879.758072814922,8949.263369560034,2.2213848505603044,2.167836987226311,267,0.5060818455737139,66.46145288072171,22.10799764601218,6.725682468661171,35.45123888729389,14.596429528741977,0.2025272700846718,3.7832944019935235,0.7228404633488678,0.13760989235972843,1.466779918649644,0.4080801164644905,0.21265358488951397,1.2626973899894542,0.46182511399039544,0.2997777584009373,1.7800245093748153,0.6510348627192358,0.04260826586625028,0.24457034782580422,0.0866665393637749,0.46302187405317885,3.7832944019935235,0.9151502176582581,1.0495096834478936,3.817089729990869,1.0595549498564107,0.15257897521838626,0.10617399407222157,0.06054633552132853,0.04960857657156621,0.0773416352436078,0.04320138572076315,0.02320249057308234,0.018671922474123092,0.08695242151981239,0.02640608599848387,0.0090611361979185,0.00453056809895925,0.18273830672055774,0.08695242151981239,0.04375103579904924,0.02320249057308234,0.0,0.0,0.0,0.0,0.33797122728605944,0.19898395636455093,0.11070456217118083,0.07468768989649237,93,139,35
11,3,contour_cross_slope,B1,B1 方向纵坡,759,587,620,552,True,11644.34139724989,6422.321644493807,1.8131046748854744,1.5557198207121539,195,3.056341002502423,36.097998976797115,20.14300223257857,30.894316749268377,55.5607314756753,44.1660000106902,0.27303869500386074,1.2459038008231318,0.6589458036936092,0.14878057101655698,1.4824836706698576,0.5866596998538527,1.119126447196164,2.5862206383462154,1.7241470922308089,1.5776325514661664,3.645795231227722,2.430530154151813,0.056370462441654584,0.3053025818496616,0.1273735502770631,1.5974414713463085,3.645795231227722,2.430530154151813,2.0105845246724012,5.618253288368716,3.312817447341035,0.23711560694788758,0.097001839205954,0.030484737017820968,0.004464386374915596,0.1126929011504654,0.06619982801714573,0.02678631824949357,0.013393159124746786,0.8966845650349667,0.7941350976765216,0.6766605359801533,0.6049130798105165,0.9461100893300256,0.8966845650349667,0.8417114125874168,0.7941350976765216,0.0,0.0,0.0,0.0,0.9568880714640204,0.9163913199187929,0.858802990480491,0.7941350976765216,115,67,13
11,3,contour_cross_slope,V6,V6 经验纵横坡,759,587,620,552,True,18862.341475794492,9071.45269802756,2.0793077033732206,2.1974356854384154,270,0.32263616392546624,66.46145288072171,21.852170263881593,6.466725044365976,40.95949962845594,13.661016318661032,0.20244312685317675,3.7832944019935235,0.7144039579057342,0.14152429766003366,1.466779918649644,0.38845086704669773,0.2043526148389394,1.5394170466346517,0.43103677305770244,0.28807588092914466,2.17011620906412,0.6076325385379535,0.04167072011230356,0.1936865841841939,0.08568169232555016,0.4571164513386068,3.7832944019935235,0.8822797393715262,1.0509242414581836,4.612108659051077,1.0466836782699322,0.15053297552807945,0.10475025951980715,0.05973444264061844,0.048943352990422684,0.07183471099455883,0.03815226334022693,0.022891358004136157,0.01842154231824114,0.07052553229081418,0.021582179300391503,0.007630452668045386,0.0031606369821503668,0.1758180713852824,0.07052553229081418,0.03237326895058726,0.01842154231824114,0.0,0.0,0.0,0.0,0.33213004130300156,0.176584970514366,0.09973816425925107,0.07052553229081418,94,142,34
11,3,contour_cross_slope,V7,V7 车辆约束,759,587,620,552,True,5530.417856831619,4607.551515822217,1.2002943076903867,1.116116509714599,144,3.2107437424192034,50.14516365767251,39.80527667438869,10.547513533021508,36.09799897679711,20.030820031076384,0.5014725971526353,2.005189290705128,1.4146339096857976,0.3978746509161084,2.1769208565043185,1.1595703789877227,0.336795503508308,1.293110319173107,0.6465551595865539,0.47478062095069884,1.82289761561386,0.9114488078069305,0.05138757931649484,0.24949458301692776,0.1116159976654677,1.000708648931635,2.1769208565043185,1.5271206489275746,1.2054223209993016,2.229203583050904,1.5700663522765883,0.42843447607474916,0.3560238990975263,0.30224885845645766,0.2510468484462329,0.32371602803010885,0.2875107395414974,0.2073810706717429,0.17996065825936014,0.2617804332330585,0.08483426786799227,0.014996721521613346,0.006211845445384725,0.4676542574576545,0.2617804332330585,0.12103955635660368,0.07241057697722283,0.0,0.0,0.0,0.0,0.8903183503504689,0.7667057633630213,0.591891166365349,0.4884213621612026,78,61,5
12,3,upslope_downslope,B0,B0 静态坡度,672,639,707,500,True,14875.150068489585,4835.059347081104,3.07651861139401,1.1712271787294617,149,9.288638100301092,67.83904233275214,30.552147225129104,7.975052236840261,34.100996270707995,15.766958331444604,0.42858126105484673,4.04179984435565,1.0209303223395774,0.0879645159294442,1.8105087890106268,0.04598573649192174,0.2543176405355702,1.200745296375028,0.5007248270647836,0.3585115776025084,1.6926906430700133,0.7058717882003579,0.03616479593547831,0.1707068199589506,0.07255039848255404,0.6669904278399541,4.04179984435565,1.3227593927128412,1.1144510000073145,4.044787795620846,1.3322283906799561,0.3363230270732951,0.22686640113748072,0.14600027003655777,0.1020985958301871,0.05819692162381643,0.05819692162381643,0.05227563626603143,0.05227563626603143,0.11190930263769018,0.07494484574313794,0.029606426788924934,0.02368514143113995,0.222381860527538,0.11190930263769018,0.08086613110092292,0.07494484574313794,0.0,0.0,0.0,0.0,0.5217404307062808,0.360008168504435,0.24809886586674487,0.1982759063025892,109,24,16
12,3,upslope_downslope,B1,B1 方向纵坡,672,639,707,500,True,10725.504961993345,5684.595494215471,1.8867666086192765,1.377015723070196,164,7.835021972780933,67.83904233275214,21.670787465857057,21.52667151447829,54.91401652112883,36.827260438450715,0.35696230457773875,4.04179984435565,0.708448490900041,0.05966176671090224,0.754770115192466,0.23249673441583962,0.7423169589460151,2.5246439564808285,1.3280093239544264,1.0464442162658791,3.5589905828651567,1.8720947426183407,0.038728485288776184,0.3053025818496616,0.08650239819073748,1.109106797407857,4.04179984435565,1.9288016344958994,1.4874612548154016,5.406751594418679,2.38025609712089,0.24548115813575394,0.12169658739745905,0.03859695956007358,0.02138646312087265,0.03859695956007358,0.012169658739745905,0.0,0.0,0.6112874029386696,0.5290526461190674,0.4031800920399367,0.307552564157536,0.7338488613539119,0.6112874029386696,0.5533919635985592,0.5240118084196125,0.0,0.0,0.0,0.0,0.7682698542323138,0.6507492335165265,0.579819264418887,0.5382694505001943,121,30,13
12,3,upslope_downslope,V6,V6 经验纵横坡,672,639,707,500,True,14779.186602438598,4801.317695728762,3.078152194674832,1.1630537239107668,147,8.974756863082298,44.83792681118562,31.1304804085998,8.442865414936259,34.100996270707995,18.791712703328912,0.4080994639911235,1.6754807950407988,1.0431166265496548,0.09141454425954601,1.8105087890106268,0.07207823681882589,0.26931198809121465,1.200745296375028,0.6035265646305917,0.3796491093363424,1.6926906430700133,0.8507913975415828,0.03468529297960158,0.2199491718701863,0.0722221161364791,0.6485269019763035,1.8105087890106268,1.3355998065153325,1.0961274551997537,2.0114274729288493,1.378190992496732,0.3292169828121097,0.23833045812502232,0.16882472133916784,0.12214655383925704,0.058603466606894354,0.058603466606894354,0.05264081705340257,0.05264081705340257,0.12563939308001465,0.07649141526736969,0.029813247767458886,0.023850598213967112,0.24676291799124828,0.12563939308001465,0.08841671437435324,0.0705287657138779,0.0,0.0,0.0,0.0,0.5159296528117528,0.355537391338811,0.2691667348205046,0.21652591776710206,106,25,16
12,3,upslope_downslope,V7,V7 车辆约束,672,639,707,500,True,4951.065203087782,4454.515112071515,1.1114711878899322,1.0790455282557998,142,9.797623825346312,41.52191635819476,33.413448289183464,11.73981001367462,29.054349955806135,22.61965241027332,0.46187324877866875,1.4989989641171304,1.1334170615813546,0.12508357404571957,2.003311560124394,0.5106154451506641,0.3759697061450999,0.9852269098461771,0.7389201823846328,0.5300044943676602,1.3888743738010367,1.0416557803507775,0.03562545281529458,0.1739896434196996,0.07845948071190231,0.7394010815613247,2.003311560124394,1.2996407643429928,1.1128170931147638,2.0804486197163317,1.365924787485958,0.39438149064881484,0.3148456488600256,0.22890297015086486,0.17609371547527228,0.10141015129423445,0.07953584178878922,0.07047520612408709,0.05766153228334398,0.3137464094283152,0.12593825954401025,0.01922051076111466,0.0,0.47922492992626525,0.3137464094283152,0.17984675365131322,0.12593825954401025,0.0,0.0,0.0,0.0,0.6382966135038436,0.5010992394317104,0.3970352893931454,0.3185986870360666,104,28,10
